customer_id,country,signup_ts,marketing_source
c00001,ES,2025-02-28,ads
c00002,FR,2025-04-10,ads
c00003,IT,2024-11-09,ads
c00004,MX,2025-05-30,ads
c00005,MX,2025-02-15,referral
c00006,US,2025-09-10,organic
c00007,CO,2025-03-29,email
c00008,US,2025-04-18,email
c00009,BR,2025-04-21,ads
c00010,CO,2024-11-30,email
c00011,CA,2025-04-10,ads
c00012,CL,2024-10-05,organic
c00013,US,2025-05-25,social
c00014,US,2025-03-30,organic
c00015,DE,2025-08-07,organic
c00016,,2024-11-06,referral
c00017,US,2024-11-25,referral
c00018,AR,2025-05-25,ads
c00019,FR,2025-09-23,referral
c00020,US,2025-09-14,organic
c00021,CL,2025-04-15,ads
c00022,US,2024-12-12,organic
c00023,US,2024-11-28,email
c00024,CO,2025-05-28,organic
c00025,CO,2024-10-02,organic
c00026,CL,2025-09-25,social
c00027,ES,2025-04-06,social
c00028,SE,2025-08-03,referral
c00029,AR,2024-10-30,organic
c00030,MX,2025-06-24,organic
c00031,FR,2025-01-16,social
c00032,CA,2025-08-28,social
c00033,BR,2024-12-29,social
c00034,US,2025-04-23,organic
c00035,US,2025-05-08,referral
c00036,SE,2025-01-02,organic
c00037,DE,2025-01-11,referral
c00038,ES,2025-05-11,ads
c00039,BR,2025-04-04,email
c00040,US,2025-04-02,email
c00041,US,2025-03-11,ads
c00042,CA,2025-06-04,ads
c00043,CO,2024-10-31,referral
c00044,,2024-11-21,ads
c00045,PE,2025-09-10,email
c00046,CA,2024-12-15,social
c00047,SE,2025-07-05,organic
c00048,ES,2024-11-09,social
c00049,CO,2025-01-09,organic
c00050,CL,2025-01-19,social
c00051,BR,2025-08-17,email
c00052,CA,2025-06-06,social
c00053,MX,2025-04-09,social
c00054,ES,2025-03-31,email
c00055,US,2025-08-31,ads
c00056,US,2025-04-27,social
c00057,US,2024-10-22,ads
c00058,US,2025-03-15,social
c00059,DE,2025-01-07,ads
c00060,ES,2025-04-26,referral
c00061,BR,2024-10-08,referral
c00062,US,2025-04-08,ads
c00063,AR,2025-03-24,email
c00064,,2025-06-30,social
c00065,US,2024-10-17,organic
c00066,BR,2024-12-29,organic
c00067,MX,2025-02-18,referral
c00068,CL,2025-02-22,social
c00069,CL,2025-03-15,email
c00070,US,2025-09-02,email
c00071,MX,2024-12-17,ads
c00072,,2025-06-19,referral
c00073,AR,2025-03-12,email
c00074,DE,2024-10-14,ads
c00075,PE,2025-05-27,social
c00076,US,2024-12-11,social
c00077,US,2025-02-20,email
c00078,PE,2025-08-06,ads
c00079,US,2025-07-10,email
c00080,CO,2025-06-26,email
c00081,NL,2025-05-29,social
c00082,CO,2025-06-02,email
c00083,MX,2025-03-12,social
c00084,PE,2024-11-29,organic
c00085,,2024-10-06,ads
c00086,CO,2025-04-15,organic
c00087,NL,2024-11-27,email
c00088,MX,2025-08-01,email
c00089,SE,2025-05-05,email
c00090,IT,2024-10-26,ads
c00091,US,2025-07-30,ads
c00092,US,2024-10-05,email
c00093,US,2024-10-20,social
c00094,US,2025-04-16,organic
c00095,US,2024-11-28,social
c00096,ES,2025-05-30,ads
c00097,US,2025-02-23,social
c00098,CA,2025-06-30,social
c00099,DE,2025-06-06,organic
c00100,US,2024-10-14,organic
c00101,FR,2024-10-13,organic
c00102,CA,2024-11-13,email
c00103,US,2024-10-19,social
c00104,,2024-12-02,email
c00105,CL,2025-05-27,organic
c00106,IT,2025-09-02,ads
c00107,ES,2025-01-08,ads
c00108,FR,2025-03-12,ads
c00109,CA,2025-01-30,social
c00110,US,2024-11-13,email
c00111,ES,2025-09-25,email
c00112,FR,2025-08-13,organic
c00113,PT,2025-02-22,organic
c00114,BR,2025-08-23,email
c00115,MX,2025-09-28,ads
c00116,FR,2024-11-19,organic
c00117,MX,2024-12-04,organic
c00118,NL,2025-09-20,referral
c00119,DE,2025-07-15,social
c00120,BR,2025-03-13,email
c00121,ES,2025-02-18,organic
c00122,ES,2025-08-10,social
c00123,US,2025-02-05,referral
c00124,IT,2025-05-27,ads
c00125,AR,2025-08-20,organic
c00126,DE,2025-07-23,social
c00127,MX,2025-04-05,ads
c00128,IT,2025-04-26,social
c00129,MX,2025-05-08,social
c00130,US,2025-04-08,referral
c00131,IT,2025-09-11,social
c00132,US,2025-07-11,referral
c00133,CA,2025-09-17,organic
c00134,SE,2025-05-25,ads
c00135,SE,2025-04-12,ads
c00136,CO,2025-07-14,ads
c00137,CL,2025-06-16,social
c00138,BR,2025-06-03,social
c00139,CA,2025-02-13,organic
c00140,MX,2025-07-07,social
c00141,PE,2025-06-28,referral
c00142,ES,2025-03-20,organic
c00143,FR,2025-03-08,email
c00144,FR,2025-04-19,organic
c00145,US,2024-11-14,email
c00146,AR,2025-06-21,social
c00147,US,2024-12-10,social
c00148,CO,2025-09-29,social
c00149,BR,2025-01-11,ads
c00150,IT,2025-02-02,email
c00151,MX,2025-08-09,referral
c00152,US,2025-07-13,organic
c00153,US,2025-05-18,email
c00154,FR,2025-02-23,organic
c00155,CL,2025-04-15,email
c00156,US,2025-05-09,referral
c00157,US,2024-11-29,social
c00158,ES,2025-01-06,referral
c00159,US,2025-03-20,organic
c00160,DE,2025-03-22,social
c00161,ES,2025-02-28,referral
c00162,US,2025-09-15,ads
c00163,US,2025-01-30,email
c00164,PT,2025-01-16,email
c00165,MX,2024-10-04,social
c00166,,2025-01-01,ads
c00167,FR,2024-10-06,ads
c00168,NL,2025-07-15,ads
c00169,PT,2025-01-14,ads
c00170,ES,2025-02-23,email
c00171,MX,2025-06-28,organic
c00172,US,2025-01-04,social
c00173,FR,2025-05-17,social
c00174,CO,2025-04-20,social
c00175,BR,2025-04-30,email
c00176,IT,2024-10-06,organic
c00177,,2025-01-20,ads
c00178,AR,2025-08-19,email
c00179,US,2025-01-14,referral
c00180,BR,2025-02-16,ads
c00181,US,2025-07-26,social
c00182,US,2025-01-04,email
c00183,US,2025-09-02,social
c00184,PE,2025-07-24,referral
c00185,ES,2025-05-02,ads
c00186,CO,2025-07-18,social
c00187,SE,2024-10-22,email
c00188,MX,2025-04-11,referral
c00189,CA,2025-02-27,ads
c00190,IT,2025-06-04,social
c00191,CA,2025-06-24,social
c00192,SE,2025-06-08,email
c00193,US,2024-10-03,organic
c00194,SE,2025-08-12,organic
c00195,US,2024-12-15,social
c00196,IT,2024-12-26,social
c00197,AR,2025-06-27,email
c00198,PT,2025-05-13,social
c00199,US,2024-10-18,ads
c00200,CO,2025-01-21,ads
c00201,SE,2025-06-08,organic
c00202,AR,2025-05-21,social
c00203,CL,2025-08-25,email
c00204,ES,2025-07-06,email
c00205,BR,2025-04-20,social
c00206,CL,2024-12-22,ads
c00207,CO,2025-02-02,ads
c00208,IT,2025-03-24,ads
c00209,US,2024-12-08,referral
c00210,CA,2024-11-16,social
c00211,SE,2025-06-13,ads
c00212,IT,2025-05-03,social
c00213,BR,2024-10-30,ads
c00214,CL,2025-07-08,social
c00215,CA,2025-05-25,organic
c00216,US,2025-06-05,social
c00217,BR,2024-10-25,organic
c00218,MX,2024-12-13,organic
c00219,,2025-04-24,referral
c00220,US,2025-08-10,social
c00221,SE,2025-01-02,organic
c00222,PT,2025-02-04,email
c00223,ES,2024-10-25,email
c00224,CO,2025-08-30,organic
c00225,CA,2025-09-20,social
c00226,FR,2025-01-24,ads
c00227,ES,2024-11-17,email
c00228,US,2025-05-14,social
c00229,NL,2025-06-23,referral
c00230,DE,2025-01-07,social
c00231,NL,2024-10-11,social
c00232,ES,2024-12-24,social
c00233,CL,2025-05-02,referral
c00234,BR,2025-03-22,social
c00235,NL,2025-04-27,social
c00236,IT,2024-12-03,social
c00237,US,2025-06-15,email
c00238,US,2025-08-28,email
c00239,MX,2025-01-29,organic
c00240,FR,2025-07-25,ads
c00241,PT,2024-11-23,email
c00242,US,2025-08-27,referral
c00243,CL,2025-06-29,organic
c00244,MX,2025-05-29,ads
c00245,SE,2025-05-31,email
c00246,DE,2024-10-18,ads
c00247,DE,2025-04-05,social
c00248,BR,2025-09-11,ads
c00249,BR,2025-02-21,email
c00250,CA,2025-06-19,email
c00251,US,2025-09-29,organic
c00252,IT,2025-05-27,email
c00253,FR,2025-07-31,ads
c00254,PT,2025-07-25,referral
c00255,PT,2024-12-15,organic
c00256,CO,2025-04-06,social
c00257,FR,2025-08-29,organic
c00258,NL,2025-06-03,organic
c00259,DE,2025-02-07,ads
c00260,CA,2025-08-11,social
c00261,BR,2025-07-10,email
c00262,US,2024-12-18,referral
c00263,SE,2024-12-11,email
c00264,CL,2025-06-20,email
c00265,CA,2025-04-09,organic
c00266,PE,2024-12-02,ads
c00267,CL,2024-10-12,organic
c00268,MX,2025-02-18,ads
c00269,US,2025-06-11,ads
c00270,PE,2024-11-12,organic
c00271,AR,2024-10-17,social
c00272,FR,2024-12-02,social
c00273,AR,2025-06-10,ads
c00274,DE,2025-07-19,referral
c00275,CO,2024-10-08,social
c00276,CO,2025-08-21,social
c00277,IT,2024-12-29,referral
c00278,BR,2025-04-26,organic
c00279,,2025-07-19,social
c00280,US,2025-07-11,organic
c00281,ES,2025-01-26,social
c00282,CL,2025-09-14,social
c00283,ES,2025-03-24,ads
c00284,US,2024-12-15,email
c00285,US,2025-01-09,organic
c00286,US,2025-02-28,ads
c00287,MX,2025-06-27,ads
c00288,CO,2024-12-10,email
c00289,MX,2025-03-29,ads
c00290,BR,2025-02-01,organic
c00291,IT,2025-07-20,organic
c00292,MX,2025-07-12,referral
c00293,AR,2025-04-13,ads
c00294,FR,2025-05-16,social
c00295,MX,2025-07-02,social
c00296,CL,2025-01-14,organic
c00297,,2024-10-21,referral
c00298,NL,2024-12-03,email
c00299,US,2025-03-14,referral
c00300,NL,2024-10-27,organic
c00301,AR,2025-08-07,social
c00302,CA,2025-07-12,social
c00303,,2025-02-25,ads
c00304,PT,2025-07-08,social
c00305,AR,2025-08-22,social
c00306,MX,2025-08-15,email
c00307,CL,2025-03-13,referral
c00308,CA,2025-05-12,email
c00309,US,2025-06-29,email
c00310,US,2025-02-23,ads
c00311,US,2025-09-21,email
c00312,US,2024-10-30,referral
c00313,US,2024-11-14,ads
c00314,PE,2025-07-02,email
c00315,US,2024-11-03,organic
c00316,MX,2025-02-18,referral
c00317,IT,2025-08-14,social
c00318,BR,2025-05-09,email
c00319,PE,2025-09-21,social
c00320,US,2024-10-22,ads
c00321,US,2025-03-29,organic
c00322,US,2025-08-25,ads
c00323,US,2025-05-19,social
c00324,CA,2024-11-07,email
c00325,US,2024-12-09,social
c00326,US,2025-01-24,referral
c00327,US,2025-05-27,referral
c00328,BR,2025-08-31,ads
c00329,US,2025-02-25,social
c00330,MX,2024-10-09,organic
c00331,AR,2025-07-15,organic
c00332,ES,2024-11-19,ads
c00333,US,2025-09-03,email
c00334,FR,2024-10-05,organic
c00335,CL,2025-09-08,referral
c00336,,2025-02-03,social
c00337,IT,2024-12-14,organic
c00338,NL,2025-03-14,organic
c00339,US,2025-07-05,referral
c00340,CA,2025-08-20,email
c00341,,2025-07-27,email
c00342,ES,2025-07-17,social
c00343,US,2024-12-16,email
c00344,US,2025-07-25,ads
c00345,MX,2025-02-14,email
c00346,AR,2025-01-14,ads
c00347,CL,2025-01-03,social
c00348,MX,2025-02-12,social
c00349,BR,2024-12-07,referral
c00350,ES,2025-02-24,email
c00351,US,2025-03-08,organic
c00352,CA,2025-03-12,ads
c00353,ES,2025-09-06,social
c00354,IT,2025-04-07,organic
c00355,AR,2025-09-04,email
c00356,CO,2025-01-03,referral
c00357,US,2025-03-30,organic
c00358,BR,2025-07-15,ads
c00359,CO,2025-08-18,referral
c00360,CA,2025-04-05,referral
c00361,CA,2025-02-15,email
c00362,MX,2025-02-07,organic
c00363,US,2025-04-12,organic
c00364,MX,2025-08-12,social
c00365,US,2025-06-30,ads
c00366,MX,2025-09-17,ads
c00367,US,2025-02-21,social
c00368,,2024-10-16,ads
c00369,CL,2025-07-29,social
c00370,PE,2025-06-02,referral
c00371,FR,2025-01-15,social
c00372,AR,2024-12-27,referral
c00373,US,2025-02-06,email
c00374,CO,2025-09-06,ads
c00375,,2024-10-04,email
c00376,ES,2025-08-23,referral
c00377,BR,2025-08-02,social
c00378,US,2025-01-03,social
c00379,,2025-04-27,social
c00380,MX,2025-05-13,organic
c00381,PE,2025-09-13,email
c00382,CO,2025-08-17,ads
c00383,,2024-11-16,email
c00384,PT,2025-03-30,social
c00385,CL,2025-01-14,email
c00386,CA,2025-04-17,organic
c00387,US,2025-01-14,referral
c00388,US,2025-07-07,organic
c00389,CA,2025-06-17,organic
c00390,US,2025-01-16,ads
c00391,US,2024-10-19,referral
c00392,CA,2025-07-23,social
c00393,US,2025-08-02,email
c00394,IT,2025-03-20,email
c00395,US,2025-08-27,social
c00396,AR,2025-04-13,ads
c00397,BR,2024-10-12,social
c00398,PT,2025-04-13,social
c00399,US,2025-07-10,ads
c00400,MX,2025-03-31,referral
c00401,SE,2025-08-01,email
c00402,IT,2025-02-21,social
c00403,FR,2025-08-12,ads
c00404,CA,2025-03-31,organic
c00405,US,2024-10-30,email
c00406,PE,2024-12-23,ads
c00407,NL,2025-03-15,email
c00408,CO,2025-07-11,email
c00409,CO,2025-07-08,email
c00410,CA,2025-01-04,referral
c00411,FR,2025-06-23,referral
c00412,US,2025-07-25,ads
c00413,MX,2025-07-23,ads
c00414,BR,2025-05-13,social
c00415,AR,2025-08-29,referral
c00416,CA,2025-09-26,email
c00417,US,2024-11-11,organic
c00418,CL,2025-07-30,email
c00419,CA,2025-06-03,social
c00420,CO,2025-04-26,email
c00421,US,2025-05-25,ads
c00422,AR,2024-10-22,organic
c00423,CO,2025-04-03,email
c00424,US,2025-05-30,social
c00425,MX,2025-09-28,email
c00426,,2025-07-10,social
c00427,US,2024-11-10,organic
c00428,PT,2025-09-01,ads
c00429,MX,2025-03-11,organic
c00430,FR,2025-03-09,referral
c00431,CA,2024-12-28,social
c00432,ES,2025-08-18,referral
c00433,FR,2024-10-12,organic
c00434,CL,2024-12-12,ads
c00435,BR,2024-12-15,email
c00436,BR,2025-09-11,organic
c00437,MX,2025-04-19,social
c00438,NL,2024-10-10,ads
c00439,DE,2025-09-17,referral
c00440,SE,2025-05-14,referral
c00441,US,2025-03-25,email
c00442,ES,2025-07-03,email
c00443,,2024-11-08,social
c00444,US,2024-11-29,ads
c00445,US,2024-12-05,social
c00446,,2025-08-17,organic
c00447,CO,2025-02-01,email
c00448,DE,2025-03-13,email
c00449,US,2025-03-08,email
c00450,FR,2024-11-26,referral
c00451,US,2024-12-17,social
c00452,US,2025-04-12,email
c00453,US,2025-07-12,social
c00454,FR,2024-10-15,email
c00455,PE,2024-10-12,email
c00456,AR,2025-01-09,ads
c00457,MX,2025-03-05,ads
c00458,IT,2025-09-05,ads
c00459,MX,2025-02-02,email
c00460,FR,2025-09-24,organic
c00461,BR,2025-07-07,social
c00462,MX,2025-01-18,email
c00463,BR,2025-08-30,ads
c00464,CA,2025-09-22,ads
c00465,ES,2025-02-23,email
c00466,AR,2025-05-04,referral
c00467,CA,2025-03-11,email
c00468,IT,2025-02-05,ads
c00469,MX,2025-08-10,ads
c00470,CO,2025-08-28,ads
c00471,IT,2025-02-27,ads
c00472,CL,2024-11-05,social
c00473,US,2025-03-22,ads
c00474,NL,2024-10-22,referral
c00475,CL,2025-04-24,referral
c00476,MX,2025-02-04,organic
c00477,US,2025-09-01,organic
c00478,FR,2025-09-21,social
c00479,CL,2025-05-05,ads
c00480,CO,2025-01-04,referral
c00481,IT,2025-03-13,social
c00482,FR,2025-02-25,ads
c00483,US,2024-10-18,referral
c00484,CA,2025-07-21,organic
c00485,CA,2025-04-13,referral
c00486,ES,2025-02-28,ads
c00487,US,2025-09-30,ads
c00488,CO,2025-01-31,email
c00489,FR,2025-04-05,ads
c00490,IT,2025-02-26,social
c00491,MX,2025-01-12,social
c00492,DE,2025-05-31,ads
c00493,US,2025-05-19,organic
c00494,,2025-04-24,email
c00495,US,2025-04-16,ads
c00496,MX,2025-09-02,social
c00497,FR,2024-12-26,social
c00498,US,2025-02-19,social
c00499,CA,2025-08-13,organic
c00500,ES,2025-04-17,social
c00501,ES,2024-11-15,organic
c00502,PE,2025-07-15,email
c00503,ES,2024-10-15,social
c00504,CO,2024-11-13,organic
c00505,CA,2025-03-18,social
c00506,MX,2025-08-06,ads
c00507,US,2024-11-13,referral
c00508,IT,2025-01-06,referral
c00509,CO,2025-06-18,ads
c00510,BR,2025-01-17,organic
c00511,BR,2025-07-10,ads
c00512,NL,2025-09-08,ads
c00513,US,2025-01-12,organic
c00514,CO,2025-06-13,referral
c00515,AR,2025-04-24,ads
c00516,CL,2025-08-31,referral
c00517,US,2024-11-12,social
c00518,IT,2025-09-18,ads
c00519,NL,2025-06-02,organic
c00520,CO,2025-07-14,referral
c00521,ES,2025-09-20,referral
c00522,NL,2025-06-30,referral
c00523,ES,2024-12-22,social
c00524,US,2025-01-18,email
c00525,CO,2025-04-08,email
c00526,CL,2025-07-15,referral
c00527,BR,2025-06-08,organic
c00528,ES,2025-04-30,ads
c00529,NL,2025-07-18,social
c00530,NL,2025-02-10,organic
c00531,BR,2025-04-19,ads
c00532,US,2025-07-12,ads
c00533,PT,2025-08-22,email
c00534,DE,2025-01-03,referral
c00535,US,2025-07-05,ads
c00536,NL,2025-08-21,email
c00537,IT,2025-05-07,referral
c00538,AR,2024-12-28,referral
c00539,CL,2024-12-11,email
c00540,MX,2025-06-04,email
c00541,US,2025-02-06,social
c00542,MX,2025-04-30,organic
c00543,FR,2025-09-08,organic
c00544,US,2025-01-04,referral
c00545,MX,2024-12-14,email
c00546,MX,2024-11-23,email
c00547,CO,2025-09-09,ads
c00548,NL,2024-11-23,ads
c00549,MX,2025-05-06,social
c00550,MX,2024-10-16,email
c00551,ES,2025-01-07,email
c00552,BR,2024-10-20,organic
c00553,CA,2024-11-15,ads
c00554,BR,2025-04-11,ads
c00555,US,2024-11-27,ads
c00556,US,2025-01-19,referral
c00557,AR,2025-02-06,social
c00558,BR,2025-09-02,email
c00559,NL,2025-04-12,referral
c00560,MX,2025-09-05,social
c00561,,2025-08-22,organic
c00562,CL,2024-10-08,organic
c00563,,2024-10-29,organic
c00564,PE,2025-01-20,referral
c00565,US,2025-03-10,ads
c00566,SE,2025-02-08,ads
c00567,US,2025-04-06,ads
c00568,BR,2025-03-12,social
c00569,US,2025-04-15,organic
c00570,PT,2025-09-29,referral
c00571,AR,2025-04-22,ads
c00572,CL,2025-04-30,referral
c00573,US,2025-01-17,organic
c00574,ES,2025-07-03,referral
c00575,US,2024-12-12,organic
c00576,IT,2025-03-16,organic
c00577,US,2025-06-17,organic
c00578,US,2025-05-31,social
c00579,US,2025-07-02,social
c00580,BR,2025-01-10,ads
c00581,CO,2025-03-22,ads
c00582,US,2025-03-20,referral
c00583,FR,2025-02-18,ads
c00584,BR,2025-04-06,organic
c00585,AR,2024-12-25,email
c00586,BR,2024-11-21,organic
c00587,BR,2025-01-19,email
c00588,CO,2025-09-30,email
c00589,US,2025-09-07,organic
c00590,US,2024-11-12,email
c00591,IT,2025-04-29,email
c00592,NL,2025-04-18,ads
c00593,MX,2025-07-25,social
c00594,CA,2025-09-11,email
c00595,PE,2025-05-28,referral
c00596,BR,2025-01-23,referral
c00597,US,2024-10-26,social
c00598,US,2025-07-26,social
c00599,ES,2024-12-16,referral
c00600,PE,2025-02-14,email
c00601,US,2024-10-20,organic
c00602,CA,2025-04-29,email
c00603,,2025-05-28,referral
c00604,PE,2024-11-08,email
c00605,US,2025-06-25,organic
c00606,US,2025-04-25,email
c00607,FR,2025-06-24,email
c00608,US,2025-03-03,social
c00609,PE,2024-11-11,social
c00610,CA,2024-10-11,ads
c00611,US,2025-07-21,referral
c00612,CA,2025-01-06,social
c00613,ES,2025-07-02,organic
c00614,DE,2025-05-18,social
c00615,DE,2025-05-08,email
c00616,MX,2024-12-04,ads
c00617,PE,2025-09-20,organic
c00618,US,2025-05-20,organic
c00619,CA,2025-08-24,ads
c00620,IT,2024-11-21,ads
c00621,US,2025-06-20,social
c00622,US,2025-06-24,email
c00623,US,2025-09-24,email
c00624,US,2025-08-13,ads
c00625,US,2025-08-20,email
c00626,CO,2025-03-03,email
c00627,BR,2025-09-23,social
c00628,IT,2025-02-17,email
c00629,FR,2024-11-20,email
c00630,MX,2025-01-25,email
c00631,CA,2024-11-15,referral
c00632,MX,2025-08-05,ads
c00633,CL,2024-12-27,referral
c00634,CA,2025-04-26,social
c00635,CL,2025-06-26,ads
c00636,BR,2024-12-28,ads
c00637,CO,2025-01-26,ads
c00638,BR,2024-11-23,referral
c00639,CA,2025-01-24,organic
c00640,,2025-01-26,ads
c00641,FR,2025-06-17,organic
c00642,US,2024-12-14,ads
c00643,IT,2025-08-01,organic
c00644,AR,2024-10-07,referral
c00645,IT,2025-01-30,social
c00646,FR,2024-10-11,referral
c00647,BR,2025-09-13,referral
c00648,US,2025-05-03,organic
c00649,CA,2025-07-06,social
c00650,CO,2024-10-28,referral
c00651,CL,2025-05-23,ads
c00652,CA,2025-08-09,ads
c00653,US,2024-10-26,organic
c00654,DE,2024-11-23,referral
c00655,PT,2024-10-29,referral
c00656,AR,2025-09-18,social
c00657,US,2025-03-13,organic
c00658,CA,2025-06-27,social
c00659,US,2025-08-30,social
c00660,NL,2024-11-04,social
c00661,US,2025-07-13,email
c00662,CO,2025-09-13,email
c00663,CA,2025-06-30,organic
c00664,CO,2025-04-26,email
c00665,PE,2025-05-26,organic
c00666,DE,2025-01-01,ads
c00667,US,2025-03-22,ads
c00668,US,2024-12-18,organic
c00669,US,2025-01-18,social
c00670,IT,2025-05-05,email
c00671,IT,2025-09-23,social
c00672,CL,2025-01-14,social
c00673,CL,2024-11-16,referral
c00674,PE,2025-03-30,ads
c00675,US,2024-12-03,organic
c00676,NL,2025-06-03,organic
c00677,BR,2025-06-01,ads
c00678,MX,2025-08-16,organic
c00679,AR,2024-12-26,organic
c00680,US,2025-05-05,referral
c00681,US,2024-10-07,social
c00682,ES,2025-07-05,email
c00683,US,2025-09-02,email
c00684,CL,2025-04-28,social
c00685,CA,2025-03-18,organic
c00686,MX,2025-08-26,social
c00687,CA,2025-02-15,referral
c00688,MX,2025-08-02,ads
c00689,ES,2025-05-18,ads
c00690,CA,2025-08-04,email
c00691,CO,2025-03-10,ads
c00692,BR,2024-10-01,referral
c00693,PE,2025-05-24,email
c00694,NL,2025-04-06,social
c00695,ES,2024-10-04,email
c00696,US,2025-02-09,referral
c00697,US,2025-05-06,referral
c00698,CA,2025-06-17,ads
c00699,CL,2024-10-01,ads
c00700,US,2024-12-10,email
c00701,AR,2025-03-27,organic
c00702,CL,2025-04-07,ads
c00703,MX,2025-07-18,social
c00704,FR,2024-10-08,organic
c00705,,2025-06-10,social
c00706,US,2025-07-19,ads
c00707,ES,2025-06-01,organic
c00708,AR,2025-01-31,ads
c00709,ES,2025-07-26,referral
c00710,BR,2025-07-10,organic
c00711,CA,2024-11-01,social
c00712,FR,2025-08-30,email
c00713,FR,2025-02-23,email
c00714,ES,2025-03-05,email
c00715,CA,2024-10-16,referral
c00716,CL,2025-09-20,email
c00717,,2024-11-16,organic
c00718,,2025-06-08,organic
c00719,NL,2025-04-05,organic
c00720,US,2024-10-31,email
c00721,SE,2025-06-17,social
c00722,BR,2024-10-17,organic
c00723,US,2024-11-08,organic
c00724,CO,2025-07-31,email
c00725,IT,2024-11-08,ads
c00726,ES,2025-02-09,ads
c00727,FR,2024-10-30,referral
c00728,PE,2025-03-07,social
c00729,ES,2025-07-05,organic
c00730,DE,2025-04-21,email
c00731,CA,2024-12-05,ads
c00732,AR,2025-01-16,email
c00733,CA,2025-06-25,email
c00734,PT,2025-05-10,ads
c00735,NL,2025-07-19,social
c00736,US,2024-10-18,referral
c00737,ES,2024-12-29,social
c00738,NL,2025-03-30,email
c00739,US,2025-06-12,email
c00740,CO,2025-06-10,referral
c00741,NL,2025-06-14,organic
c00742,US,2025-09-11,ads
c00743,ES,2024-12-26,organic
c00744,CA,2024-12-29,email
c00745,NL,2025-05-25,organic
c00746,,2024-12-09,organic
c00747,NL,2024-11-13,email
c00748,BR,2025-04-18,social
c00749,IT,2025-03-01,ads
c00750,DE,2024-12-25,organic
c00751,CA,2024-10-19,email
c00752,DE,2025-01-09,referral
c00753,US,2025-01-03,social
c00754,CL,2025-06-11,organic
c00755,CA,2025-09-22,ads
c00756,US,2024-10-30,social
c00757,US,2025-06-06,email
c00758,ES,2024-11-02,email
c00759,MX,2025-05-17,social
c00760,ES,2024-10-12,email
c00761,US,2025-01-26,email
c00762,CA,2025-09-15,organic
c00763,CO,2025-03-04,ads
c00764,FR,2025-06-03,social
c00765,CA,2025-08-28,ads
c00766,CL,2025-06-04,ads
c00767,IT,2024-10-29,ads
c00768,CL,2025-03-10,social
c00769,CA,2025-05-23,social
c00770,US,2025-04-08,ads
c00771,IT,2025-01-25,ads
c00772,US,2025-06-28,organic
c00773,IT,2025-06-15,ads
c00774,AR,2025-03-29,organic
c00775,NL,2025-03-21,ads
c00776,FR,2025-07-01,social
c00777,PT,2025-06-16,email
c00778,MX,2025-02-12,organic
c00779,FR,2025-03-20,social
c00780,BR,2025-04-28,email
c00781,BR,2025-05-24,ads
c00782,CL,2025-04-04,social
c00783,IT,2025-09-29,social
c00784,PT,2025-01-03,ads
c00785,FR,2024-10-11,ads
c00786,BR,2024-12-07,organic
c00787,BR,2025-04-28,email
c00788,ES,2025-04-14,social
c00789,CA,2025-01-06,referral
c00790,US,2025-01-01,organic
c00791,MX,2024-10-22,organic
c00792,,2025-03-21,organic
c00793,CA,2025-02-11,ads
c00794,CA,2024-10-25,organic
c00795,US,2025-04-03,email
c00796,US,2024-12-24,referral
c00797,PT,2024-11-24,referral
c00798,BR,2025-06-08,ads
c00799,MX,2025-02-21,organic
c00800,PE,2025-09-16,ads
c00801,US,2025-03-16,social
c00802,NL,2025-05-12,social
c00803,FR,2025-05-08,social
c00804,US,2025-03-28,ads
c00805,BR,2025-01-27,email
c00806,IT,2025-06-22,organic
c00807,NL,2025-02-27,email
c00808,BR,2025-05-03,referral
c00809,CL,2025-04-15,email
c00810,US,2024-11-11,referral
c00811,PT,2024-11-22,organic
c00812,CA,2025-08-26,referral
c00813,,2025-06-08,referral
c00814,PE,2025-07-22,email
c00815,CL,2025-06-28,referral
c00816,,2025-01-31,ads
c00817,CA,2025-09-04,email
c00818,US,2025-06-23,email
c00819,CA,2025-09-13,social
c00820,US,2024-10-29,referral
c00821,FR,2024-11-04,email
c00822,MX,2024-10-06,email
c00823,US,2025-01-19,ads
c00824,SE,2025-07-21,organic
c00825,IT,2024-12-16,referral
c00826,NL,2025-09-14,ads
c00827,PT,2025-02-24,ads
c00828,US,2024-12-06,organic
c00829,MX,2024-10-08,ads
c00830,ES,2025-01-30,organic
c00831,ES,2025-09-05,ads
c00832,US,2025-03-24,organic
c00833,FR,2025-03-28,organic
c00834,CA,2024-12-24,referral
c00835,CA,2024-11-14,ads
c00836,CO,2025-02-13,email
c00837,CL,2025-09-08,email
c00838,,2024-10-16,referral
c00839,US,2025-08-29,email
c00840,IT,2025-04-13,ads
c00841,CA,2024-10-09,referral
c00842,US,2025-08-12,referral
c00843,IT,2025-08-30,email
c00844,SE,2025-08-29,ads
c00845,IT,2025-08-23,organic
c00846,FR,2024-10-15,referral
c00847,PE,2025-08-23,social
c00848,CO,2025-01-10,referral
c00849,US,2025-05-14,ads
c00850,,2025-07-05,email
c00851,MX,2025-01-21,email
c00852,CA,2024-10-01,organic
c00853,ES,2025-06-23,social
c00854,AR,2025-04-26,email
c00855,US,2025-01-18,organic
c00856,CA,2025-04-18,email
c00857,ES,2025-08-02,organic
c00858,US,2024-10-12,organic
c00859,DE,2025-09-10,ads
c00860,AR,2025-04-06,email
c00861,AR,2025-03-03,referral
c00862,CL,2025-08-30,social
c00863,,2025-07-06,referral
c00864,MX,2025-03-20,organic
c00865,PE,2025-02-11,social
c00866,CO,2024-10-25,ads
c00867,CA,2024-10-18,ads
c00868,IT,2025-04-08,social
c00869,FR,2025-02-18,ads
c00870,PE,2024-11-12,social
c00871,DE,2025-08-30,email
c00872,IT,2025-07-11,email
c00873,ES,2025-02-23,ads
c00874,DE,2025-08-11,social
c00875,ES,2025-08-15,ads
c00876,,2024-12-31,social
c00877,CL,2025-03-28,referral
c00878,ES,2024-11-25,social
c00879,,2025-03-04,referral
c00880,IT,2025-03-09,ads
c00881,IT,2025-01-19,social
c00882,US,2025-02-14,ads
c00883,DE,2025-05-20,referral
c00884,US,2025-05-08,ads
c00885,MX,2024-12-07,social
c00886,ES,2025-07-29,organic
c00887,US,2025-06-06,referral
c00888,FR,2025-08-19,referral
c00889,DE,2024-10-06,social
c00890,AR,2025-07-07,ads
c00891,US,2025-01-02,organic
c00892,CA,2025-06-26,ads
c00893,CL,2025-04-15,organic
c00894,PT,2024-10-25,social
c00895,CL,2025-02-25,social
c00896,CA,2025-01-26,social
c00897,CL,2025-09-03,referral
c00898,CO,2025-09-03,referral
c00899,FR,2024-12-05,ads
c00900,US,2025-07-28,social
c00901,FR,2025-03-24,social
c00902,CO,2025-08-15,organic
c00903,SE,2024-12-15,referral
c00904,MX,2025-01-22,ads
c00905,CL,2025-01-19,email
c00906,NL,2025-06-06,social
c00907,US,2025-04-21,ads
c00908,NL,2025-02-24,email
c00909,ES,2024-11-04,organic
c00910,US,2025-08-05,referral
c00911,CA,2024-10-26,referral
c00912,ES,2025-05-26,email
c00913,US,2024-10-14,social
c00914,CO,2024-11-14,email
c00915,MX,2025-05-04,social
c00916,CL,2025-05-21,ads
c00917,US,2025-04-11,organic
c00918,IT,2024-11-20,referral
c00919,SE,2025-05-02,email
c00920,SE,2025-02-28,social
c00921,ES,2025-07-02,social
c00922,US,2025-09-03,ads
c00923,ES,2024-12-15,social
c00924,US,2025-05-08,email
c00925,US,2025-09-13,organic
c00926,MX,2025-04-05,organic
c00927,AR,2025-07-16,email
c00928,FR,2024-10-28,organic
c00929,ES,2025-03-29,email
c00930,BR,2025-06-10,ads
c00931,CA,2025-02-03,organic
c00932,PT,2025-03-26,social
c00933,BR,2024-11-06,referral
c00934,BR,2025-01-07,email
c00935,US,2025-01-06,email
c00936,,2025-02-04,organic
c00937,ES,2025-03-17,ads
c00938,CA,2024-12-19,email
c00939,US,2025-07-21,referral
c00940,ES,2025-08-29,referral
c00941,PE,2025-02-03,referral
c00942,CA,2025-09-08,ads
c00943,SE,2025-08-06,ads
c00944,US,2025-02-27,email
c00945,BR,2024-10-16,organic
c00946,NL,2024-10-28,ads
c00947,BR,2025-03-22,social
c00948,CL,2024-11-15,social
c00949,MX,2025-08-24,organic
c00950,CA,2025-05-24,organic
c00951,PT,2025-05-02,email
c00952,BR,2024-12-24,ads
c00953,IT,2025-07-09,referral
c00954,CA,2025-05-20,email
c00955,US,2024-12-24,social
c00956,,2024-12-04,social
c00957,PE,2025-02-11,organic
c00958,MX,2025-02-28,ads
c00959,IT,2025-01-23,organic
c00960,BR,2024-12-03,email
c00961,SE,2025-09-08,referral
c00962,US,2025-09-28,email
c00963,IT,2025-09-17,social
c00964,FR,2025-03-07,email
c00965,FR,2024-12-16,organic
c00966,DE,2025-02-23,organic
c00967,FR,2025-09-08,organic
c00968,CL,2025-05-13,ads
c00969,US,2025-08-09,organic
c00970,US,2025-01-11,social
c00971,NL,2025-09-12,ads
c00972,CL,2025-07-28,ads
c00973,FR,2024-12-27,ads
c00974,AR,2025-07-30,ads
c00975,US,2025-03-17,referral
c00976,US,2025-03-19,organic
c00977,ES,2025-02-12,email
c00978,BR,2024-11-19,referral
c00979,US,2025-09-05,organic
c00980,AR,2025-09-12,email
c00981,US,2025-02-11,organic
c00982,CO,2025-09-12,referral
c00983,CA,2025-02-14,referral
c00984,FR,2025-06-02,email
c00985,CA,2025-01-17,referral
c00986,,2025-08-09,ads
c00987,US,2025-07-14,social
c00988,US,2024-10-21,email
c00989,MX,2024-12-29,organic
c00990,BR,2025-07-23,email
c00991,CL,2025-01-20,ads
c00992,CA,2025-07-28,social
c00993,ES,2024-12-16,ads
c00994,IT,2025-03-26,social
c00995,FR,2025-09-08,organic
c00996,US,2025-02-25,social
c00997,AR,2025-01-09,ads
c00998,US,2025-06-03,referral
c00999,CA,2025-01-25,social
c01000,PT,2024-12-31,organic
c01001,,2024-10-28,ads
c01002,AR,2024-10-25,referral
c01003,CL,2024-11-27,referral
c01004,ES,2025-07-24,ads
c01005,CO,2025-02-11,email
c01006,US,2025-08-27,email
c01007,MX,2025-06-06,organic
c01008,AR,2024-11-07,organic
c01009,US,2024-12-14,social
c01010,MX,2025-02-19,email
c01011,US,2025-08-18,email
c01012,US,2025-03-17,organic
c01013,MX,2025-06-16,organic
c01014,US,2025-09-20,organic
c01015,CO,2025-05-13,social
c01016,ES,2025-03-01,email
c01017,FR,2024-10-19,organic
c01018,US,2025-02-23,email
c01019,US,2025-05-29,email
c01020,US,2025-09-09,social
c01021,CL,2025-05-25,ads
c01022,ES,2024-11-04,ads
c01023,US,2025-04-08,email
c01024,NL,2024-10-01,email
c01025,US,2025-03-02,organic
c01026,CO,2025-02-03,ads
c01027,ES,2025-09-10,ads
c01028,,2025-05-14,ads
c01029,ES,2025-05-09,ads
c01030,FR,2025-04-29,ads
c01031,MX,2024-10-25,social
c01032,FR,2024-10-16,email
c01033,US,2025-03-31,social
c01034,IT,2025-08-25,organic
c01035,CO,2025-02-06,social
c01036,FR,2024-11-11,ads
c01037,BR,2025-09-01,ads
c01038,PE,2025-05-24,organic
c01039,AR,2025-09-25,referral
c01040,ES,2024-11-03,organic
c01041,US,2025-09-10,organic
c01042,US,2024-11-14,organic
c01043,CA,2025-02-11,organic
c01044,US,2024-10-21,referral
c01045,IT,2025-01-30,email
c01046,US,2024-12-09,organic
c01047,SE,2025-09-17,referral
c01048,MX,2025-09-26,ads
c01049,US,2024-11-17,social
c01050,FR,2024-11-08,referral
c01051,PE,2025-07-14,organic
c01052,AR,2024-10-10,social
c01053,,2024-10-30,email
c01054,ES,2025-06-01,organic
c01055,CA,2025-07-01,organic
c01056,PT,2024-12-27,social
c01057,SE,2025-06-01,email
c01058,PE,2025-08-25,email
c01059,US,2024-10-15,social
c01060,ES,2024-10-04,ads
c01061,US,2025-04-09,email
c01062,US,2025-03-17,social
c01063,CA,2024-10-09,referral
c01064,BR,2025-01-17,email
c01065,IT,2025-02-14,ads
c01066,ES,2025-03-03,email
c01067,ES,2025-04-27,social
c01068,BR,2025-06-29,email
c01069,MX,2025-02-20,ads
c01070,MX,2025-01-07,social
c01071,PT,2025-08-04,organic
c01072,US,2024-12-08,social
c01073,IT,2025-06-04,ads
c01074,CO,2025-06-18,email
c01075,BR,2025-07-03,organic
c01076,ES,2024-12-18,ads
c01077,AR,2025-02-23,social
c01078,IT,2025-01-19,email
c01079,IT,2025-06-15,ads
c01080,BR,2025-01-01,organic
c01081,CA,2024-10-13,social
c01082,CL,2025-06-17,social
c01083,NL,2025-01-17,ads
c01084,US,2025-08-26,ads
c01085,CL,2025-04-07,referral
c01086,CL,2025-01-03,referral
c01087,ES,2025-01-13,ads
c01088,US,2024-10-08,ads
c01089,ES,2024-12-06,ads
c01090,IT,2025-04-09,organic
c01091,US,2025-06-13,social
c01092,CA,2024-10-09,organic
c01093,SE,2025-01-25,ads
c01094,US,2025-06-24,organic
c01095,DE,2025-01-07,ads
c01096,AR,2025-07-25,referral
c01097,CA,2025-03-13,organic
c01098,IT,2025-02-18,email
c01099,BR,2025-06-25,email
c01100,AR,2024-11-06,ads
c01101,MX,2024-12-13,ads
c01102,CL,2024-12-12,social
c01103,US,2025-08-04,social
c01104,MX,2025-04-17,social
c01105,SE,2025-02-07,referral
c01106,CA,2025-06-03,social
c01107,PE,2025-08-08,ads
c01108,MX,2024-11-29,ads
c01109,FR,2025-07-06,organic
c01110,US,2025-01-11,ads
c01111,SE,2025-07-23,social
c01112,BR,2025-08-16,ads
c01113,CA,2025-09-06,social
c01114,US,2025-02-28,social
c01115,US,2025-03-06,ads
c01116,AR,2025-04-24,email
c01117,MX,2025-03-28,social
c01118,DE,2025-04-15,email
c01119,BR,2025-05-11,ads
c01120,CA,2024-12-28,social
c01121,CL,2025-07-14,ads
c01122,ES,2025-07-03,organic
c01123,US,2025-05-24,referral
c01124,US,2025-04-01,ads
c01125,US,2025-04-27,social
c01126,ES,2025-02-07,referral
c01127,PE,2025-03-02,email
c01128,BR,2024-10-13,email
c01129,DE,2025-01-30,email
c01130,FR,2025-09-24,email
c01131,CO,2025-05-08,ads
c01132,IT,2025-01-14,email
c01133,US,2024-12-09,email
c01134,US,2025-04-13,social
c01135,CA,2025-04-04,social
c01136,US,2025-01-07,referral
c01137,CO,2024-12-21,social
c01138,NL,2024-12-14,organic
c01139,US,2025-09-05,referral
c01140,US,2025-04-10,social
c01141,BR,2025-08-21,email
c01142,NL,2025-05-02,organic
c01143,CA,2025-08-11,ads
c01144,AR,2025-08-14,email
c01145,US,2025-02-21,social
c01146,US,2025-05-04,ads
c01147,PT,2025-09-26,ads
c01148,SE,2025-08-20,referral
c01149,US,2024-10-15,referral
c01150,SE,2025-05-05,social
c01151,CL,2024-11-04,organic
c01152,IT,2025-04-01,ads
c01153,BR,2025-06-27,ads
c01154,AR,2025-09-23,social
c01155,AR,2025-01-08,email
c01156,PE,2024-10-07,social
c01157,US,2024-10-30,ads
c01158,US,2025-08-01,referral
c01159,CA,2025-02-21,referral
c01160,ES,2025-01-19,referral
c01161,US,2025-05-20,referral
c01162,PE,2025-03-28,referral
c01163,SE,2024-12-11,email
c01164,US,2025-04-28,ads
c01165,PE,2025-05-08,ads
c01166,BR,2024-12-19,email
c01167,IT,2024-12-22,email
c01168,US,2024-11-11,referral
c01169,ES,2025-06-30,email
c01170,DE,2025-04-09,social
c01171,NL,2025-03-22,organic
c01172,ES,2024-10-07,email
c01173,AR,2025-03-04,ads
c01174,CL,2024-10-10,ads
c01175,IT,2024-11-03,social
c01176,CO,2024-11-05,email
c01177,US,2024-10-06,ads
c01178,,2025-05-03,social
c01179,ES,2025-02-11,ads
c01180,PE,2025-07-12,referral
c01181,US,2025-02-03,referral
c01182,PE,2025-09-02,social
c01183,MX,2025-03-23,ads
c01184,PE,2025-03-01,organic
c01185,US,2025-08-27,social
c01186,PE,2024-10-26,ads
c01187,PT,2025-01-23,ads
c01188,US,2025-07-11,email
c01189,SE,2024-12-14,organic
c01190,BR,2025-03-15,organic
c01191,IT,2025-04-07,referral
c01192,FR,2024-12-17,organic
c01193,CO,2024-12-29,ads
c01194,ES,2025-03-25,ads
c01195,,2024-10-21,organic
c01196,BR,2024-11-23,social
c01197,MX,2025-04-02,referral
c01198,PE,2025-09-24,social
c01199,FR,2025-05-10,organic
c01200,FR,2025-08-11,social
c01201,FR,2025-08-24,organic
c01202,BR,2025-03-28,social
c01203,FR,2025-07-03,ads
c01204,US,2025-01-20,organic
c01205,CO,2025-05-12,ads
c01206,US,2025-05-02,organic
c01207,MX,2024-11-28,referral
c01208,MX,2025-08-23,social
c01209,MX,2025-01-17,referral
c01210,ES,2025-03-06,ads
c01211,MX,2025-04-09,email
c01212,BR,2025-04-18,organic
c01213,CA,2025-08-08,organic
c01214,MX,2025-04-14,email
c01215,CA,2024-11-04,organic
c01216,US,2025-06-03,organic
c01217,CL,2025-05-25,social
c01218,PE,2025-01-12,ads
c01219,CL,2024-10-07,organic
c01220,BR,2025-07-10,referral
c01221,MX,2024-10-01,organic
c01222,IT,2025-05-07,organic
c01223,AR,2025-05-18,organic
c01224,BR,2025-03-21,social
c01225,US,2024-12-26,email
c01226,MX,2024-11-10,email
c01227,MX,2025-01-31,email
c01228,MX,2025-08-27,ads
c01229,CO,2025-07-25,referral
c01230,,2025-03-27,social
c01231,CL,2024-12-02,organic
c01232,FR,2025-03-14,ads
c01233,FR,2025-04-05,referral
c01234,ES,2025-04-27,ads
c01235,SE,2025-05-15,ads
c01236,US,2024-11-17,ads
c01237,US,2025-05-12,social
c01238,US,2024-10-03,ads
c01239,PE,2025-03-24,social
c01240,IT,2025-01-07,ads
c01241,CA,2025-01-24,organic
c01242,NL,2025-06-27,organic
c01243,US,2025-06-10,organic
c01244,NL,2025-08-13,organic
c01245,MX,2025-01-03,organic
c01246,US,2025-06-30,organic
c01247,AR,2024-10-24,social
c01248,CA,2025-01-24,ads
c01249,CA,2025-02-28,email
c01250,CA,2025-09-03,ads
c01251,FR,2024-11-19,social
c01252,CO,2025-04-24,referral
c01253,CA,2025-08-31,organic
c01254,CL,2024-12-18,organic
c01255,ES,2024-12-09,email
c01256,CA,2024-10-27,referral
c01257,BR,2025-06-28,organic
c01258,US,2024-11-19,email
c01259,US,2025-07-19,social
c01260,ES,2025-06-04,ads
c01261,US,2025-06-21,social
c01262,AR,2024-12-18,email
c01263,ES,2025-04-08,organic
c01264,US,2024-11-16,referral
c01265,CO,2025-09-26,ads
c01266,CA,2025-09-19,ads
c01267,SE,2025-09-17,referral
c01268,AR,2025-04-07,organic
c01269,FR,2025-06-13,social
c01270,CO,2025-05-10,referral
c01271,US,2025-05-29,email
c01272,CL,2025-06-26,referral
c01273,SE,2024-10-01,social
c01274,CL,2024-11-03,social
c01275,FR,2024-12-18,email
c01276,IT,2025-05-24,social
c01277,CA,2025-08-30,social
c01278,US,2025-09-14,organic
c01279,CL,2025-01-06,organic
c01280,BR,2024-12-21,social
c01281,DE,2025-04-10,social
c01282,IT,2025-06-10,email
c01283,MX,2024-11-07,organic
c01284,CA,2024-10-14,email
c01285,FR,2025-09-12,email
c01286,CA,2025-08-06,email
c01287,,2025-04-27,organic
c01288,BR,2025-09-22,ads
c01289,PE,2024-12-28,referral
c01290,US,2024-11-25,referral
c01291,CL,2025-01-02,ads
c01292,BR,2025-01-01,ads
c01293,CO,2025-09-05,organic
c01294,US,2024-12-24,organic
c01295,ES,2025-06-02,email
c01296,IT,2024-10-22,organic
c01297,US,2025-07-18,social
c01298,US,2025-06-29,email
c01299,US,2025-08-02,social
c01300,PE,2025-01-30,organic
c01301,CL,2025-02-05,referral
c01302,CO,2025-01-21,ads
c01303,CA,2025-06-30,organic
c01304,MX,2025-09-01,social
c01305,CL,2025-02-07,ads
c01306,AR,2025-02-09,referral
c01307,PT,2024-12-24,referral
c01308,US,2025-09-15,organic
c01309,ES,2024-12-20,referral
c01310,BR,2025-08-21,email
c01311,BR,2024-12-08,social
c01312,ES,2025-02-25,referral
c01313,ES,2024-10-16,ads
c01314,PT,2025-08-03,referral
c01315,US,2025-01-13,organic
c01316,US,2025-03-14,ads
c01317,ES,2025-04-19,social
c01318,CO,2025-04-15,email
c01319,CA,2025-04-03,email
c01320,US,2025-08-18,email
c01321,US,2025-06-22,email
c01322,IT,2025-09-28,organic
c01323,US,2025-01-08,email
c01324,MX,2025-09-07,social
c01325,CA,2025-08-16,ads
c01326,MX,2025-05-02,organic
c01327,US,2025-07-05,social
c01328,AR,2025-03-11,social
c01329,US,2025-03-06,email
c01330,FR,2025-06-08,email
c01331,,2025-01-05,ads
c01332,CO,2024-10-18,organic
c01333,IT,2025-08-23,referral
c01334,PE,2025-01-05,social
c01335,CO,2024-10-01,social
c01336,MX,2025-05-04,email
c01337,MX,2025-02-09,social
c01338,PE,2025-06-17,social
c01339,PT,2025-02-02,social
c01340,PE,2024-12-21,referral
c01341,CO,2025-07-10,email
c01342,ES,2025-03-20,ads
c01343,BR,2024-11-28,organic
c01344,US,2024-11-01,social
c01345,CO,2025-03-10,email
c01346,SE,2025-07-11,organic
c01347,US,2025-01-14,ads
c01348,ES,2025-01-13,organic
c01349,US,2025-05-16,organic
c01350,CO,2025-04-06,organic
c01351,US,2024-12-09,organic
c01352,BR,2025-08-14,email
c01353,,2025-07-17,ads
c01354,MX,2024-12-26,social
c01355,PE,2025-09-27,email
c01356,FR,2024-11-25,ads
c01357,NL,2025-01-21,social
c01358,CA,2024-10-13,email
c01359,MX,2024-10-18,organic
c01360,US,2025-03-31,organic
c01361,PT,2025-01-21,organic
c01362,NL,2025-05-17,social
c01363,,2025-03-20,organic
c01364,DE,2025-07-22,organic
c01365,AR,2025-04-07,social
c01366,CL,2024-12-18,email
c01367,US,2025-02-23,organic
c01368,ES,2025-03-31,organic
c01369,US,2025-07-13,referral
c01370,DE,2025-06-07,ads
c01371,FR,2025-09-19,social
c01372,ES,2025-08-10,ads
c01373,US,2025-04-14,organic
c01374,CA,2025-08-19,organic
c01375,CA,2024-12-10,ads
c01376,MX,2025-06-05,social
c01377,US,2025-02-23,ads
c01378,NL,2025-01-14,social
c01379,CO,2025-06-20,email
c01380,CA,2025-07-23,social
c01381,MX,2024-12-09,email
c01382,BR,2025-04-11,ads
c01383,CL,2024-12-07,email
c01384,AR,2025-08-01,ads
c01385,NL,2024-11-21,referral
c01386,AR,2025-09-28,ads
c01387,PT,2025-07-12,referral
c01388,DE,2025-08-30,organic
c01389,US,2024-10-09,organic
c01390,NL,2025-06-08,organic
c01391,US,2025-08-28,organic
c01392,FR,2025-07-25,ads
c01393,MX,2025-04-02,ads
c01394,IT,2025-03-28,referral
c01395,IT,2025-04-16,organic
c01396,FR,2025-02-05,organic
c01397,FR,2024-10-20,ads
c01398,CA,2025-08-24,email
c01399,US,2024-12-04,ads
c01400,BR,2025-03-31,social
c01401,US,2025-05-29,social
c01402,ES,2024-10-24,ads
c01403,,2024-12-22,referral
c01404,SE,2025-08-15,social
c01405,PE,2025-04-03,social
c01406,DE,2025-08-12,ads
c01407,US,2025-01-07,organic
c01408,IT,2024-12-01,referral
c01409,NL,2025-07-13,organic
c01410,AR,2024-10-22,organic
c01411,CL,2025-04-30,ads
c01412,FR,2025-02-03,ads
c01413,US,2024-11-11,social
c01414,AR,2025-01-06,ads
c01415,MX,2024-10-31,organic
c01416,US,2025-03-07,social
c01417,MX,2025-01-20,organic
c01418,,2025-06-04,email
c01419,US,2025-01-30,email
c01420,US,2025-06-30,social
c01421,SE,2025-07-21,ads
c01422,CO,2025-04-25,social
c01423,SE,2025-01-18,organic
c01424,BR,2025-07-05,email
c01425,CA,2024-11-25,social
c01426,AR,2024-11-26,ads
c01427,BR,2025-07-18,email
c01428,US,2025-01-22,organic
c01429,PE,2025-08-04,organic
c01430,US,2025-09-06,referral
c01431,CL,2025-04-16,organic
c01432,PE,2025-08-17,referral
c01433,US,2025-03-28,email
c01434,US,2025-05-07,email
c01435,FR,2025-07-04,organic
c01436,BR,2024-10-16,ads
c01437,US,2024-11-30,referral
c01438,PT,2024-11-23,referral
c01439,US,2025-03-17,social
c01440,ES,2024-10-26,referral
c01441,PT,2025-09-01,email
c01442,CA,2024-12-04,ads
c01443,US,2025-01-08,social
c01444,US,2024-12-13,social
c01445,CA,2025-04-10,referral
c01446,US,2025-03-20,social
c01447,ES,2025-06-30,ads
c01448,US,2025-04-05,organic
c01449,AR,2024-10-23,referral
c01450,PT,2025-03-30,ads
c01451,FR,2025-08-23,referral
c01452,CL,2025-01-16,organic
c01453,CA,2025-08-31,organic
c01454,CL,2025-03-11,email
c01455,AR,2025-07-29,social
c01456,BR,2025-04-24,ads
c01457,US,2024-12-17,ads
c01458,IT,2024-10-16,referral
c01459,BR,2025-08-23,social
c01460,,2025-01-04,social
c01461,MX,2025-02-24,email
c01462,BR,2024-10-02,ads
c01463,DE,2024-10-10,referral
c01464,ES,2025-02-02,ads
c01465,FR,2024-12-20,ads
c01466,US,2025-02-17,email
c01467,BR,2025-08-22,email
c01468,AR,2025-02-27,email
c01469,US,2025-07-15,referral
c01470,CA,2025-09-26,ads
c01471,FR,2025-09-05,ads
c01472,US,2025-02-06,social
c01473,CO,2025-05-27,ads
c01474,US,2024-11-27,social
c01475,US,2025-04-16,ads
c01476,CA,2025-04-29,email
c01477,SE,2024-11-14,ads
c01478,FR,2025-01-05,ads
c01479,SE,2025-07-06,referral
c01480,AR,2024-10-23,organic
c01481,US,2025-08-31,ads
c01482,CO,2024-11-13,email
c01483,,2024-10-27,social
c01484,DE,2025-07-09,referral
c01485,US,2025-01-05,organic
c01486,AR,2024-11-05,ads
c01487,US,2025-01-17,organic
c01488,MX,2024-11-24,email
c01489,ES,2025-04-10,email
c01490,BR,2025-05-07,organic
c01491,MX,2025-04-03,referral
c01492,MX,2024-12-08,referral
c01493,BR,2025-08-13,social
c01494,FR,2025-02-07,referral
c01495,,2024-11-24,ads
c01496,SE,2025-01-05,social
c01497,FR,2025-09-01,ads
c01498,CA,2024-12-26,organic
c01499,ES,2025-07-21,organic
c01500,BR,2025-01-27,email
c01501,CA,2025-04-26,email
c01502,DE,2025-08-30,ads
c01503,US,2025-03-03,ads
c01504,IT,2024-11-04,organic
c01505,BR,2024-12-18,ads
c01506,CL,2024-12-06,email
c01507,PE,2025-09-08,organic
c01508,IT,2024-11-03,organic
c01509,,2025-01-05,referral
c01510,CL,2025-03-18,referral
c01511,US,2025-03-18,social
c01512,AR,2025-02-28,organic
c01513,US,2024-12-10,social
c01514,ES,2024-10-03,referral
c01515,AR,2025-08-10,ads
c01516,ES,2024-11-01,ads
c01517,US,2025-07-14,referral
c01518,US,2024-12-21,organic
c01519,ES,2024-11-12,organic
c01520,US,2025-01-13,organic
c01521,US,2024-10-01,referral
c01522,US,2024-11-30,social
c01523,SE,2025-06-27,organic
c01524,ES,2025-03-29,social
c01525,MX,2025-05-12,email
c01526,CA,2024-10-06,referral
c01527,MX,2025-01-11,organic
c01528,FR,2024-10-10,email
c01529,PE,2024-12-10,organic
c01530,US,2024-12-29,ads
c01531,US,2025-05-14,social
c01532,US,2025-03-07,social
c01533,PE,2025-05-16,social
c01534,FR,2025-02-03,email
c01535,CA,2025-04-27,organic
c01536,US,2025-01-05,social
c01537,US,2024-12-13,email
c01538,SE,2025-01-23,social
c01539,CA,2025-04-09,email
c01540,FR,2025-03-19,email
c01541,CL,2025-08-03,email
c01542,MX,2025-04-22,organic
c01543,US,2024-11-25,referral
c01544,US,2025-04-26,social
c01545,CL,2024-11-10,email
c01546,FR,2024-11-01,email
c01547,PE,2024-10-15,organic
c01548,CO,2024-12-01,social
c01549,US,2025-03-04,organic
c01550,SE,2025-07-11,ads
c01551,FR,2025-04-27,ads
c01552,CA,2025-08-16,organic
c01553,SE,2025-04-05,social
c01554,CL,2025-02-07,ads
c01555,CO,2025-02-04,email
c01556,ES,2025-07-19,organic
c01557,FR,2025-01-22,referral
c01558,PE,2025-04-17,social
c01559,US,2024-10-13,email
c01560,MX,2025-06-28,email
c01561,NL,2024-12-28,organic
c01562,CA,2025-05-03,ads
c01563,MX,2025-07-05,referral
c01564,BR,2025-04-21,organic
c01565,BR,2024-12-13,ads
c01566,CL,2024-10-25,email
c01567,NL,2025-01-09,social
c01568,CA,2025-03-25,referral
c01569,US,2025-01-25,referral
c01570,US,2025-03-15,email
c01571,IT,2024-11-10,referral
c01572,PE,2025-09-09,social
c01573,CA,2025-01-28,social
c01574,FR,2025-01-05,ads
c01575,IT,2025-02-22,social
c01576,DE,2025-05-04,organic
c01577,,2025-05-17,referral
c01578,CA,2025-08-09,social
c01579,,2025-02-07,referral
c01580,BR,2025-09-17,organic
c01581,DE,2025-08-14,organic
c01582,ES,2025-02-14,ads
c01583,FR,2025-08-20,email
c01584,PE,2025-09-02,email
c01585,US,2025-06-30,email
c01586,CO,2025-01-25,ads
c01587,PT,2025-08-02,organic
c01588,NL,2025-01-02,ads
c01589,US,2025-03-17,referral
c01590,US,2025-04-21,social
c01591,US,2025-09-06,ads
c01592,ES,2025-02-26,organic
c01593,FR,2025-04-01,organic
c01594,US,2025-03-01,referral
c01595,AR,2024-12-13,email
c01596,DE,2025-09-30,ads
c01597,ES,2025-07-01,social
c01598,CO,2024-11-11,ads
c01599,CL,2025-04-30,social
c01600,AR,2025-01-09,organic
c01601,CA,2024-11-14,ads
c01602,CO,2024-12-21,organic
c01603,ES,2024-10-17,ads
c01604,IT,2024-12-12,organic
c01605,CL,2024-10-14,ads
c01606,FR,2025-03-06,social
c01607,US,2025-05-11,email
c01608,BR,2025-02-09,organic
c01609,US,2025-09-03,referral
c01610,,2024-11-16,ads
c01611,ES,2025-01-15,referral
c01612,PT,2025-01-16,email
c01613,US,2025-06-22,social
c01614,BR,2025-04-23,organic
c01615,FR,2024-12-18,email
c01616,US,2025-03-04,email
c01617,,2025-06-28,ads
c01618,ES,2025-06-04,referral
c01619,CL,2024-10-19,email
c01620,US,2025-09-11,email
c01621,MX,2024-10-26,ads
c01622,FR,2025-05-05,email
c01623,CO,2025-03-03,organic
c01624,US,2025-03-03,email
c01625,FR,2025-03-23,referral
c01626,US,2024-12-31,social
c01627,ES,2025-09-03,social
c01628,US,2025-03-30,email
c01629,SE,2025-02-08,social
c01630,MX,2025-07-25,organic
c01631,MX,2025-07-02,ads
c01632,US,2025-06-30,email
c01633,CA,2024-12-15,ads
c01634,IT,2025-03-26,email
c01635,PT,2025-04-02,email
c01636,MX,2025-08-15,social
c01637,BR,2025-02-08,ads
c01638,,2025-09-28,referral
c01639,IT,2024-11-18,referral
c01640,CL,2024-11-24,referral
c01641,MX,2025-03-03,social
c01642,BR,2025-09-20,email
c01643,ES,2025-04-18,organic
c01644,US,2025-08-04,referral
c01645,CL,2025-09-21,referral
c01646,MX,2025-01-26,organic
c01647,FR,2025-06-20,email
c01648,US,2024-11-15,ads
c01649,CO,2025-07-29,social
c01650,AR,2025-09-21,referral
c01651,PE,2025-04-07,organic
c01652,US,2025-08-06,organic
c01653,CO,2025-08-14,email
c01654,CO,2025-02-06,email
c01655,CO,2024-11-18,email
c01656,CL,2024-10-25,email
c01657,PE,2025-06-23,social
c01658,FR,2025-01-26,social
c01659,CA,2025-02-21,referral
c01660,DE,2025-04-18,ads
c01661,AR,2025-03-06,email
c01662,US,2025-09-13,email
c01663,US,2025-02-11,organic
c01664,MX,2025-02-25,ads
c01665,FR,2025-09-01,organic
c01666,ES,2024-12-10,social
c01667,FR,2025-05-21,social
c01668,AR,2025-08-30,email
c01669,BR,2025-07-26,social
c01670,US,2025-03-03,social
c01671,MX,2024-12-29,social
c01672,BR,2025-08-30,email
c01673,US,2025-04-17,referral
c01674,CA,2025-03-10,social
c01675,CL,2024-10-26,ads
c01676,ES,2025-01-29,email
c01677,PT,2025-07-28,organic
c01678,NL,2025-04-30,ads
c01679,PE,2024-12-02,email
c01680,BR,2024-12-07,email
c01681,CL,2025-06-10,social
c01682,FR,2024-10-02,ads
c01683,US,2025-01-16,social
c01684,BR,2025-07-13,ads
c01685,DE,2024-11-18,ads
c01686,MX,2025-02-17,social
c01687,CO,2025-05-06,email
c01688,CO,2024-11-13,organic
c01689,US,2025-06-26,ads
c01690,MX,2024-12-17,email
c01691,MX,2025-05-04,ads
c01692,US,2025-01-06,email
c01693,US,2025-05-24,organic
c01694,DE,2025-07-09,organic
c01695,CA,2025-02-26,ads
c01696,AR,2025-07-31,referral
c01697,CA,2024-12-05,social
c01698,NL,2025-05-22,ads
c01699,CA,2024-12-26,ads
c01700,BR,2024-12-18,organic
c01701,IT,2025-04-23,organic
c01702,DE,2025-07-06,organic
c01703,US,2025-09-02,social
c01704,FR,2025-06-11,social
c01705,BR,2025-07-31,email
c01706,AR,2025-02-07,ads
c01707,US,2024-12-23,ads
c01708,US,2025-07-03,social
c01709,ES,2025-04-05,social
c01710,AR,2024-11-15,organic
c01711,BR,2025-04-01,organic
c01712,ES,2025-06-25,organic
c01713,FR,2025-07-23,organic
c01714,US,2025-08-18,ads
c01715,CL,2025-01-08,social
c01716,US,2024-12-17,referral
c01717,ES,2025-06-29,email
c01718,PE,2025-09-04,organic
c01719,SE,2025-03-11,organic
c01720,US,2024-11-13,ads
c01721,US,2025-05-26,ads
c01722,CA,2025-02-11,social
c01723,CA,2025-04-10,social
c01724,CA,2025-09-21,organic
c01725,IT,2025-07-05,ads
c01726,CA,2024-10-18,ads
c01727,CA,2024-10-12,email
c01728,ES,2025-03-29,ads
c01729,BR,2025-01-31,ads
c01730,FR,2025-06-03,organic
c01731,US,2025-05-10,email
c01732,AR,2024-11-20,email
c01733,US,2024-12-10,ads
c01734,US,2024-11-17,email
c01735,IT,2024-10-19,organic
c01736,US,2025-06-19,social
c01737,CO,2024-12-23,social
c01738,BR,2025-03-04,email
c01739,MX,2024-11-22,email
c01740,IT,2025-01-15,referral
c01741,US,2025-09-22,email
c01742,PE,2025-07-31,organic
c01743,SE,2025-02-12,email
c01744,CO,2024-12-08,social
c01745,NL,2024-10-11,ads
c01746,US,2025-02-20,social
c01747,BR,2025-04-10,organic
c01748,CA,2024-12-08,social
c01749,ES,2024-10-23,referral
c01750,PT,2025-03-30,organic
c01751,CA,2025-07-20,social
c01752,PE,2024-10-09,email
c01753,US,2025-06-28,email
c01754,CO,2025-01-01,social
c01755,BR,2024-10-17,social
c01756,SE,2025-03-03,email
c01757,CL,2025-08-24,email
c01758,MX,2025-02-26,organic
c01759,US,2025-06-24,ads
c01760,US,2025-08-24,email
c01761,CA,2025-01-14,ads
c01762,CA,2024-11-04,organic
c01763,DE,2025-01-27,ads
c01764,CO,2024-10-14,social
c01765,AR,2024-10-14,ads
c01766,,2025-06-23,social
c01767,IT,2025-02-17,organic
c01768,ES,2025-07-21,email
c01769,US,2025-09-29,referral
c01770,ES,2025-01-27,email
c01771,CO,2025-05-26,email
c01772,US,2024-11-03,organic
c01773,BR,2025-03-18,email
c01774,AR,2024-10-10,social
c01775,US,2025-01-30,ads
c01776,NL,2025-02-22,ads
c01777,DE,2025-05-11,email
c01778,PE,2025-06-14,referral
c01779,BR,2025-06-25,referral
c01780,BR,2025-09-24,social
c01781,PE,2024-10-04,ads
c01782,CO,2025-09-19,ads
c01783,US,2025-01-14,social
c01784,AR,2024-12-24,organic
c01785,FR,2025-05-02,ads
c01786,BR,2025-01-29,social
c01787,US,2025-02-09,email
c01788,FR,2025-09-03,social
c01789,US,2025-04-15,organic
c01790,CA,2024-10-19,organic
c01791,US,2025-02-07,social
c01792,MX,2024-10-12,email
c01793,ES,2024-12-20,organic
c01794,AR,2025-08-26,referral
c01795,US,2025-09-19,ads
c01796,IT,2025-06-19,referral
c01797,IT,2025-02-02,organic
c01798,IT,2025-08-03,organic
c01799,CA,2025-06-24,ads
c01800,BR,2025-02-17,social
c01801,PT,2025-08-25,organic
c01802,FR,2024-10-02,email
c01803,US,2024-10-08,referral
c01804,US,2025-06-07,social
c01805,BR,2025-02-16,email
c01806,IT,2025-02-01,ads
c01807,CO,2025-08-05,social
c01808,AR,2025-05-16,organic
c01809,US,2024-10-10,social
c01810,PE,2025-04-30,social
c01811,DE,2025-01-20,email
c01812,MX,2024-10-08,ads
c01813,FR,2025-07-19,social
c01814,SE,2025-09-27,email
c01815,US,2025-06-10,organic
c01816,AR,2024-10-14,ads
c01817,CA,2025-05-28,email
c01818,FR,2025-05-30,email
c01819,CO,2025-09-07,organic
c01820,CL,2025-02-26,ads
c01821,FR,2025-05-24,ads
c01822,MX,2025-08-02,ads
c01823,NL,2025-03-16,organic
c01824,CO,2024-10-20,ads
c01825,US,2025-05-04,ads
c01826,ES,2025-09-08,ads
c01827,FR,2025-02-12,social
c01828,CA,2025-02-06,ads
c01829,DE,2025-07-21,email
c01830,IT,2025-06-03,email
c01831,CA,2025-04-07,referral
c01832,PT,2024-11-13,social
c01833,US,2024-12-25,referral
c01834,US,2024-11-13,organic
c01835,US,2025-08-26,organic
c01836,IT,2025-02-22,email
c01837,,2024-11-20,social
c01838,US,2025-05-30,social
c01839,BR,2025-07-21,organic
c01840,CL,2024-11-20,email
c01841,US,2025-06-23,referral
c01842,IT,2025-01-28,email
c01843,FR,2025-04-18,organic
c01844,AR,2025-06-05,ads
c01845,SE,2024-12-09,ads
c01846,BR,2025-09-06,email
c01847,PT,2024-11-26,ads
c01848,PE,2024-11-08,referral
c01849,CL,2025-07-16,ads
c01850,US,2024-10-18,email
c01851,IT,2025-05-08,organic
c01852,BR,2025-08-09,email
c01853,US,2025-06-01,social
c01854,US,2025-09-17,ads
c01855,CO,2025-07-31,ads
c01856,AR,2025-07-25,organic
c01857,ES,2025-07-10,social
c01858,IT,2024-12-13,email
c01859,US,2025-01-18,organic
c01860,ES,2025-03-29,organic
c01861,US,2024-11-01,organic
c01862,DE,2025-05-22,email
c01863,FR,2025-07-09,ads
c01864,CO,2024-10-25,social
c01865,ES,2025-08-27,social
c01866,CA,2025-07-06,ads
c01867,BR,2025-05-14,social
c01868,DE,2024-11-26,ads
c01869,BR,2025-03-29,referral
c01870,MX,2025-05-20,email
c01871,AR,2025-09-08,social
c01872,DE,2025-07-14,email
c01873,MX,2024-12-03,organic
c01874,US,2025-05-20,referral
c01875,ES,2025-07-16,social
c01876,DE,2025-05-01,organic
c01877,US,2025-06-15,social
c01878,CA,2024-10-18,organic
c01879,US,2025-03-24,ads
c01880,MX,2025-05-17,email
c01881,BR,2025-05-14,ads
c01882,ES,2024-12-23,email
c01883,PE,2025-07-18,organic
c01884,CL,2025-06-03,ads
c01885,MX,2025-01-18,referral
c01886,DE,2025-06-11,referral
c01887,BR,2024-12-27,referral
c01888,SE,2024-12-11,referral
c01889,CL,2024-10-30,social
c01890,,2025-03-21,ads
c01891,PE,2025-08-05,email
c01892,MX,2025-09-08,social
c01893,ES,2025-03-26,social
c01894,US,2025-02-16,email
c01895,US,2025-04-12,organic
c01896,DE,2025-04-04,email
c01897,CA,2025-05-06,email
c01898,DE,2025-03-13,ads
c01899,CA,2025-03-10,referral
c01900,,2024-10-13,social
c01901,ES,2025-07-23,ads
c01902,AR,2024-12-28,email
c01903,CA,2025-08-20,social
c01904,US,2024-11-11,email
c01905,US,2025-04-28,ads
c01906,CA,2025-05-17,social
c01907,PE,2025-09-15,ads
c01908,NL,2025-07-02,organic
c01909,IT,2025-07-06,ads
c01910,FR,2025-06-08,social
c01911,FR,2025-08-06,referral
c01912,PE,2025-04-26,organic
c01913,CA,2025-08-17,ads
c01914,IT,2025-02-17,social
c01915,PE,2025-07-07,referral
c01916,CO,2024-11-03,referral
c01917,US,2025-08-05,referral
c01918,BR,2024-10-18,social
c01919,BR,2024-11-26,organic
c01920,IT,2025-01-20,ads
c01921,CO,2024-10-05,ads
c01922,MX,2025-03-31,organic
c01923,SE,2024-10-13,ads
c01924,US,2025-09-04,organic
c01925,,2025-07-12,social
c01926,US,2025-06-16,social
c01927,ES,2024-12-29,ads
c01928,NL,2025-01-12,ads
c01929,CA,2025-04-04,social
c01930,DE,2025-06-07,organic
c01931,CA,2025-06-12,organic
c01932,NL,2024-12-15,ads
c01933,ES,2025-01-16,ads
c01934,FR,2025-03-05,ads
c01935,US,2024-12-21,organic
c01936,SE,2024-12-16,email
c01937,ES,2025-06-15,ads
c01938,CA,2025-02-04,ads
c01939,DE,2025-07-09,email
c01940,CA,2024-12-27,organic
c01941,IT,2025-04-22,referral
c01942,US,2024-10-16,ads
c01943,ES,2025-02-28,email
c01944,CO,2025-06-11,email
c01945,US,2025-04-06,ads
c01946,CA,2025-08-25,ads
c01947,US,2024-11-01,social
c01948,BR,2025-06-28,ads
c01949,CA,2024-10-05,ads
c01950,CL,2025-08-26,email
c01951,CA,2025-08-04,social
c01952,CA,2025-08-29,referral
c01953,ES,2025-03-18,social
c01954,US,2025-03-30,referral
c01955,IT,2025-03-27,social
c01956,DE,2025-02-20,ads
c01957,PE,2025-09-27,organic
c01958,CL,2025-06-05,ads
c01959,IT,2025-02-04,email
c01960,US,2025-06-20,social
c01961,US,2024-11-09,email
c01962,CA,2025-09-20,organic
c01963,FR,2025-06-12,referral
c01964,US,2025-02-20,organic
c01965,CO,2025-05-28,organic
c01966,,2025-05-16,organic
c01967,DE,2025-09-06,organic
c01968,AR,2025-04-16,organic
c01969,US,2024-12-04,social
c01970,DE,2024-10-11,email
c01971,CL,2025-01-16,ads
c01972,US,2024-10-26,social
c01973,US,2025-02-28,organic
c01974,IT,2025-05-09,social
c01975,PE,2025-09-06,organic
c01976,DE,2025-05-25,organic
c01977,IT,2025-05-25,ads
c01978,CO,2025-05-07,ads
c01979,,2025-02-28,email
c01980,BR,2025-01-31,ads
c01981,CA,2025-02-21,referral
c01982,BR,2025-04-07,organic
c01983,FR,2025-06-12,social
c01984,CL,2024-12-07,email
c01985,IT,2025-01-12,ads
c01986,BR,2025-09-01,email
c01987,CL,2025-03-08,referral
c01988,CL,2025-08-05,email
c01989,CL,2025-09-27,ads
c01990,ES,2025-07-27,email
c01991,CA,2024-12-29,email
c01992,AR,2025-09-22,organic
c01993,US,2025-06-13,ads
c01994,MX,2025-09-18,ads
c01995,AR,2025-05-08,ads
c01996,PE,2024-10-09,email
c01997,SE,2024-10-12,social
c01998,CL,2025-08-21,social
c01999,ES,2025-06-01,referral
c02000,AR,2025-03-31,social
c02001,CL,2025-07-11,email
c02002,US,2025-08-08,social
c02003,CA,2025-01-07,ads
c02004,MX,2025-04-15,email
c02005,BR,2025-05-14,social
c02006,US,2025-08-29,organic
c02007,US,2025-01-11,social
c02008,CA,2025-01-14,ads
c02009,SE,2025-09-30,ads
c02010,MX,2024-11-27,organic
c02011,AR,2024-12-17,ads
c02012,US,2024-12-14,ads
c02013,CL,2024-11-11,ads
c02014,CA,2025-08-20,email
c02015,US,2025-03-30,ads
c02016,AR,2024-11-02,referral
c02017,US,2024-12-10,referral
c02018,US,2024-11-25,organic
c02019,US,2025-01-13,ads
c02020,US,2025-04-18,email
c02021,US,2025-01-09,referral
c02022,MX,2025-06-13,social
c02023,FR,2025-08-03,referral
c02024,CO,2024-12-13,organic
c02025,AR,2025-03-20,ads
c02026,CA,2025-02-20,organic
c02027,NL,2025-03-15,referral
c02028,MX,2025-06-18,ads
c02029,,2025-05-09,organic
c02030,CL,2024-12-22,social
c02031,US,2025-03-31,ads
c02032,MX,2025-08-03,ads
c02033,AR,2024-10-10,ads
c02034,IT,2024-10-04,social
c02035,AR,2025-09-16,ads
c02036,ES,2025-09-01,ads
c02037,PT,2025-07-19,ads
c02038,US,2025-07-08,social
c02039,CA,2025-05-03,organic
c02040,MX,2025-01-06,social
c02041,BR,2025-01-09,ads
c02042,BR,2024-10-09,organic
c02043,IT,2024-11-30,social
c02044,ES,2025-08-05,organic
c02045,CL,2025-02-23,email
c02046,CA,2024-12-02,email
c02047,DE,2025-01-29,social
c02048,SE,2025-05-14,ads
c02049,DE,2025-01-13,referral
c02050,US,2025-06-17,organic
c02051,CL,2025-09-14,organic
c02052,US,2025-06-12,organic
c02053,CA,2025-04-25,social
c02054,US,2024-10-28,ads
c02055,CL,2025-03-19,ads
c02056,ES,2025-09-01,referral
c02057,US,2024-12-15,referral
c02058,MX,2025-01-24,ads
c02059,BR,2024-12-08,ads
c02060,MX,2025-09-19,referral
c02061,US,2025-05-22,social
c02062,BR,2024-10-01,organic
c02063,ES,2025-03-16,social
c02064,US,2025-09-17,social
c02065,US,2025-05-06,social
c02066,MX,2025-06-30,organic
c02067,NL,2025-06-08,social
c02068,PE,2025-09-12,organic
c02069,PE,2025-09-09,organic
c02070,MX,2025-03-23,organic
c02071,CL,2025-03-19,email
c02072,US,2025-06-03,ads
c02073,CL,2024-12-29,ads
c02074,NL,2024-11-18,ads
c02075,CL,2025-07-21,ads
c02076,IT,2025-02-27,ads
c02077,ES,2025-02-09,email
c02078,US,2024-11-28,referral
c02079,IT,2025-08-20,social
c02080,US,2025-04-17,ads
c02081,CO,2025-05-03,social
c02082,US,2024-11-18,social
c02083,US,2025-05-20,referral
c02084,BR,2025-06-04,organic
c02085,CA,2025-05-27,ads
c02086,AR,2025-03-17,ads
c02087,CO,2024-11-17,email
c02088,US,2024-11-20,ads
c02089,US,2025-07-26,referral
c02090,CO,2025-01-06,email
c02091,MX,2025-05-04,email
c02092,ES,2025-03-26,ads
c02093,PE,2024-12-19,email
c02094,DE,2025-04-03,social
c02095,ES,2024-10-27,referral
c02096,BR,2025-04-13,ads
c02097,PE,2025-05-02,ads
c02098,CA,2025-09-07,ads
c02099,CA,2025-01-22,ads
c02100,FR,2025-05-30,organic
c02101,BR,2025-02-01,ads
c02102,FR,2025-08-01,social
c02103,DE,2024-12-15,organic
c02104,DE,2025-08-07,ads
c02105,NL,2025-08-08,email
c02106,BR,2025-04-14,organic
c02107,CA,2025-09-16,organic
c02108,CO,2024-11-13,referral
c02109,MX,2025-04-04,social
c02110,CL,2025-09-08,organic
c02111,ES,2025-06-03,email
c02112,ES,2024-12-23,organic
c02113,MX,2025-04-25,referral
c02114,US,2025-02-28,referral
c02115,BR,2025-03-05,organic
c02116,US,2024-10-16,organic
c02117,IT,2025-03-14,email
c02118,MX,2025-02-22,ads
c02119,US,2024-11-06,social
c02120,US,2025-08-29,social
c02121,PE,2024-11-14,social
c02122,CL,2025-04-24,organic
c02123,MX,2024-12-01,organic
c02124,US,2025-09-21,email
c02125,BR,2025-08-04,ads
c02126,CA,2024-10-19,referral
c02127,PE,2025-09-30,social
c02128,CL,2025-07-27,social
c02129,MX,2024-10-07,referral
c02130,US,2025-06-06,referral
c02131,PT,2025-01-25,email
c02132,BR,2024-12-07,email
c02133,ES,2024-11-03,referral
c02134,US,2025-04-12,ads
c02135,AR,2025-08-21,email
c02136,US,2024-11-24,email
c02137,,2025-06-23,referral
c02138,SE,2024-11-11,ads
c02139,MX,2025-07-24,organic
c02140,US,2025-05-19,referral
c02141,US,2024-10-10,social
c02142,MX,2025-09-23,social
c02143,US,2025-02-05,email
c02144,US,2025-03-28,referral
c02145,ES,2025-04-11,organic
c02146,BR,2024-12-31,social
c02147,CA,2025-05-19,organic
c02148,IT,2024-12-17,social
c02149,US,2024-12-24,ads
c02150,SE,2024-10-30,ads
c02151,CA,2025-05-01,referral
c02152,IT,2024-11-18,email
c02153,CL,2025-06-22,email
c02154,DE,2025-02-22,organic
c02155,PT,2024-12-08,email
c02156,CA,2024-11-27,email
c02157,SE,2025-04-03,organic
c02158,MX,2024-12-01,organic
c02159,MX,2025-08-04,email
c02160,MX,2025-07-23,organic
c02161,CO,2025-03-15,organic
c02162,US,2025-03-20,email
c02163,CO,2024-12-02,ads
c02164,CO,2025-02-24,ads
c02165,FR,2025-08-02,referral
c02166,DE,2025-03-10,email
c02167,BR,2025-02-18,organic
c02168,CA,2025-08-30,social
c02169,CA,2025-01-05,social
c02170,US,2025-05-09,organic
c02171,US,2024-11-12,organic
c02172,MX,2025-07-19,email
c02173,CA,2025-01-16,ads
c02174,SE,2025-06-23,social
c02175,CO,2025-01-03,email
c02176,MX,2025-06-19,referral
c02177,CO,2025-08-09,social
c02178,US,2024-12-10,organic
c02179,BR,2025-05-07,email
c02180,CL,2024-10-21,social
c02181,AR,2024-12-31,email
c02182,BR,2025-02-04,social
c02183,PT,2024-12-19,ads
c02184,IT,2025-08-08,organic
c02185,CL,2025-05-26,ads
c02186,CO,2025-03-31,social
c02187,CL,2024-10-25,ads
c02188,US,2025-03-05,email
c02189,MX,2024-10-05,referral
c02190,US,2025-01-28,email
c02191,BR,2025-07-04,ads
c02192,CO,2024-10-18,email
c02193,CA,2025-04-16,social
c02194,SE,2024-11-26,social
c02195,IT,2025-01-01,ads
c02196,ES,2024-10-19,social
c02197,CO,2025-09-18,ads
c02198,IT,2025-04-11,referral
c02199,US,2025-05-25,email
c02200,FR,2025-07-04,referral
c02201,US,2025-05-15,email
c02202,FR,2025-05-21,organic
c02203,CA,2024-11-09,email
c02204,IT,2025-08-19,ads
c02205,NL,2025-03-02,email
c02206,US,2025-02-04,organic
c02207,,2025-05-25,social
c02208,PT,2024-11-24,social
c02209,AR,2025-03-21,organic
c02210,IT,2025-01-17,organic
c02211,CO,2025-09-19,social
c02212,MX,2025-04-02,ads
c02213,CA,2025-04-16,organic
c02214,US,2024-12-26,ads
c02215,FR,2025-04-19,social
c02216,MX,2025-09-02,social
c02217,AR,2025-08-18,social
c02218,AR,2025-07-02,referral
c02219,CO,2025-04-29,social
c02220,IT,2025-01-26,organic
c02221,PT,2025-04-09,ads
c02222,BR,2024-11-11,email
c02223,DE,2024-11-11,social
c02224,FR,2025-08-11,organic
c02225,CO,2025-07-03,ads
c02226,SE,2025-08-25,ads
c02227,US,2024-10-17,ads
c02228,US,2025-07-10,ads
c02229,DE,2025-06-15,organic
c02230,BR,2024-12-02,social
c02231,DE,2024-12-01,social
c02232,,2025-01-08,referral
c02233,US,2024-10-19,social
c02234,IT,2024-10-17,ads
c02235,BR,2025-08-21,email
c02236,AR,2025-06-03,referral
c02237,CL,2025-06-08,ads
c02238,NL,2024-12-20,email
c02239,US,2024-11-08,email
c02240,BR,2024-11-05,ads
c02241,ES,2025-04-15,ads
c02242,ES,2025-03-07,social
c02243,ES,2025-04-22,ads
c02244,,2025-04-14,organic
c02245,CA,2025-05-04,ads
c02246,MX,2025-07-12,social
c02247,FR,2025-04-14,organic
c02248,CA,2025-08-03,organic
c02249,US,2025-03-01,organic
c02250,SE,2024-10-14,email
c02251,US,2025-08-21,email
c02252,PT,2025-02-23,email
c02253,PE,2024-11-26,ads
c02254,DE,2025-04-29,ads
c02255,CA,2025-06-25,organic
c02256,US,2025-04-28,referral
c02257,ES,2024-10-17,social
c02258,DE,2025-07-13,organic
c02259,ES,2025-09-09,social
c02260,US,2025-04-21,social
c02261,ES,2025-01-07,social
c02262,FR,2025-07-06,ads
c02263,PE,2025-04-27,email
c02264,FR,2025-02-06,organic
c02265,DE,2025-08-31,organic
c02266,CL,2025-07-15,organic
c02267,US,2025-06-09,referral
c02268,AR,2025-06-22,organic
c02269,US,2025-06-28,ads
c02270,BR,2025-04-06,ads
c02271,BR,2025-05-02,email
c02272,US,2025-07-10,referral
c02273,MX,2025-04-29,email
c02274,US,2025-09-30,email
c02275,FR,2024-12-15,ads
c02276,NL,2025-02-25,referral
c02277,US,2025-08-17,social
c02278,SE,2025-05-01,social
c02279,AR,2025-01-17,ads
c02280,CA,2025-02-06,referral
c02281,US,2024-10-10,social
c02282,,2024-11-16,referral
c02283,FR,2025-08-11,email
c02284,ES,2025-01-04,social
c02285,US,2025-01-11,organic
c02286,US,2025-09-07,ads
c02287,BR,2025-02-23,email
c02288,CA,2024-10-27,email
c02289,CA,2025-05-08,referral
c02290,CA,2024-10-18,ads
c02291,FR,2025-03-16,ads
c02292,NL,2024-12-21,email
c02293,BR,2024-12-11,organic
c02294,IT,2025-08-06,social
c02295,MX,2025-06-11,social
c02296,BR,2025-03-11,organic
c02297,CA,2025-08-23,ads
c02298,PE,2024-11-07,organic
c02299,,2025-04-19,referral
c02300,CL,2025-04-18,email
c02301,MX,2025-06-12,organic
c02302,PE,2025-03-28,organic
c02303,US,2024-11-04,organic
c02304,IT,2024-12-21,ads
c02305,AR,2025-05-08,organic
c02306,BR,2025-03-07,organic
c02307,CO,2024-10-04,email
c02308,CL,2025-03-16,ads
c02309,US,2025-04-22,ads
c02310,ES,2025-04-12,organic
c02311,CA,2025-05-23,referral
c02312,ES,2025-04-24,email
c02313,DE,2025-02-27,email
c02314,,2025-03-08,email
c02315,CO,2025-07-06,social
c02316,AR,2025-07-31,email
c02317,US,2025-03-15,organic
c02318,FR,2025-08-07,social
c02319,CA,2024-12-07,social
c02320,AR,2024-12-27,email
c02321,CA,2025-05-05,ads
c02322,US,2024-10-01,referral
c02323,CL,2025-02-12,email
c02324,US,2025-04-03,ads
c02325,ES,2025-09-16,organic
c02326,CA,2025-02-17,email
c02327,US,2025-01-14,ads
c02328,AR,2025-02-10,ads
c02329,US,2025-01-16,email
c02330,CA,2025-03-27,organic
c02331,ES,2025-07-25,email
c02332,US,2025-09-23,email
c02333,DE,2025-09-24,social
c02334,US,2025-02-23,email
c02335,CA,2024-12-13,ads
c02336,ES,2025-01-16,ads
c02337,CA,2025-01-30,email
c02338,US,2024-10-17,ads
c02339,MX,2025-04-14,ads
c02340,CA,2025-08-23,organic
c02341,DE,2025-08-14,ads
c02342,CA,2025-07-24,social
c02343,FR,2025-06-09,social
c02344,IT,2025-01-27,referral
c02345,BR,2025-03-11,email
c02346,IT,2025-04-16,ads
c02347,MX,2024-11-14,social
c02348,SE,2025-08-10,social
c02349,US,2025-03-28,social
c02350,ES,2024-11-13,ads
c02351,AR,2025-06-28,organic
c02352,MX,2024-12-17,ads
c02353,CL,2025-08-22,email
c02354,ES,2025-03-27,email
c02355,US,2025-09-22,ads
c02356,US,2024-10-03,referral
c02357,,2025-05-02,social
c02358,PE,2025-09-07,organic
c02359,SE,2024-12-13,organic
c02360,FR,2024-11-20,referral
c02361,SE,2024-12-06,social
c02362,ES,2025-08-28,ads
c02363,CA,2025-01-01,referral
c02364,US,2025-03-25,ads
c02365,FR,2025-02-22,email
c02366,PE,2024-10-07,email
c02367,US,2025-06-26,email
c02368,MX,2025-08-18,referral
c02369,SE,2024-10-04,organic
c02370,AR,2025-02-15,email
c02371,BR,2025-05-19,organic
c02372,BR,2024-12-27,social
c02373,US,2024-10-17,referral
c02374,MX,2024-11-21,social
c02375,MX,2025-02-11,ads
c02376,US,2025-04-29,organic
c02377,FR,2025-08-21,referral
c02378,BR,2025-05-07,organic
c02379,DE,2025-04-23,social
c02380,DE,2025-04-29,organic
c02381,US,2025-07-04,social
c02382,PE,2024-10-24,email
c02383,BR,2024-10-04,email
c02384,IT,2025-03-01,email
c02385,US,2025-06-16,referral
c02386,PE,2025-08-20,ads
c02387,CL,2025-09-22,organic
c02388,CA,2025-03-17,referral
c02389,US,2025-03-25,organic
c02390,PE,2025-08-06,organic
c02391,ES,2025-07-18,referral
c02392,CA,2024-11-25,organic
c02393,PE,2025-01-16,referral
c02394,MX,2025-07-23,organic
c02395,ES,2025-08-20,email
c02396,US,2025-07-29,email
c02397,IT,2025-08-30,email
c02398,CA,2025-02-18,referral
c02399,MX,2025-03-04,referral
c02400,US,2025-06-19,referral
c02401,US,2025-06-30,email
c02402,AR,2025-05-20,organic
c02403,CA,2025-05-29,referral
c02404,DE,2025-09-20,email
c02405,US,2025-09-02,social
c02406,MX,2025-06-15,social
c02407,MX,2025-06-06,organic
c02408,US,2024-12-16,referral
c02409,US,2025-03-29,ads
c02410,BR,2024-12-05,email
c02411,AR,2025-08-04,referral
c02412,BR,2025-09-13,organic
c02413,CO,2025-03-20,email
c02414,CL,2024-10-22,organic
c02415,US,2025-01-15,referral
c02416,BR,2025-08-19,organic
c02417,SE,2025-05-15,ads
c02418,AR,2025-05-04,organic
c02419,PE,2024-12-08,organic
c02420,CA,2024-12-23,organic
c02421,FR,2025-01-11,ads
c02422,,2024-11-08,ads
c02423,AR,2024-10-13,social
c02424,SE,2025-07-24,ads
c02425,US,2025-08-09,ads
c02426,US,2025-03-30,ads
c02427,FR,2025-06-25,referral
c02428,FR,2024-10-13,referral
c02429,US,2025-01-28,ads
c02430,CA,2025-09-18,ads
c02431,US,2024-11-26,referral
c02432,CA,2024-11-09,referral
c02433,FR,2025-09-01,ads
c02434,AR,2025-02-05,email
c02435,MX,2025-03-22,organic
c02436,MX,2024-11-04,organic
c02437,US,2025-06-16,organic
c02438,CA,2024-10-05,organic
c02439,PE,2025-05-06,email
c02440,SE,2024-10-11,social
c02441,DE,2025-08-23,email
c02442,US,2025-01-25,social
c02443,IT,2025-04-02,email
c02444,FR,2025-09-27,social
c02445,FR,2025-01-24,referral
c02446,BR,2025-03-11,ads
c02447,MX,2024-12-06,social
c02448,CA,2025-04-18,ads
c02449,US,2024-10-31,email
c02450,CA,2024-12-14,ads
c02451,CA,2025-05-25,email
c02452,AR,2025-08-23,ads
c02453,ES,2024-12-05,organic
c02454,BR,2024-12-09,email
c02455,US,2025-07-24,referral
c02456,SE,2024-10-20,email
c02457,NL,2025-05-14,social
c02458,FR,2025-04-17,social
c02459,PT,2024-11-08,social
c02460,CO,2025-02-22,social
c02461,SE,2024-11-14,organic
c02462,US,2025-08-22,organic
c02463,MX,2024-12-30,social
c02464,CA,2025-05-26,ads
c02465,US,2024-12-09,social
c02466,US,2025-03-15,referral
c02467,CL,2025-02-07,social
c02468,FR,2025-05-02,organic
c02469,CO,2025-09-05,social
c02470,US,2024-12-28,organic
c02471,FR,2025-08-31,ads
c02472,,2025-06-09,ads
c02473,MX,2025-09-14,email
c02474,PE,2024-12-11,organic
c02475,CA,2025-03-14,organic
c02476,MX,2024-11-18,social
c02477,NL,2024-11-21,social
c02478,CA,2025-07-16,social
c02479,BR,2025-07-05,organic
c02480,IT,2025-01-22,organic
c02481,ES,2025-05-27,social
c02482,US,2025-02-10,social
c02483,US,2025-07-01,ads
c02484,US,2025-03-15,social
c02485,CL,2025-07-20,email
c02486,BR,2025-05-31,ads
c02487,US,2025-08-16,organic
c02488,SE,2025-02-15,referral
c02489,AR,2024-12-18,organic
c02490,CA,2025-03-19,email
c02491,AR,2025-01-31,referral
c02492,PE,2025-03-25,email
c02493,US,2025-07-27,ads
c02494,CA,2024-12-21,email
c02495,FR,2024-12-26,email
c02496,BR,2025-05-13,ads
c02497,CO,2024-10-16,email
c02498,BR,2025-08-06,ads
c02499,US,2025-09-23,social
c02500,US,2025-03-12,ads
c02501,BR,2025-01-06,social
c02502,US,2025-03-05,social
c02503,US,2024-10-02,referral
c02504,,2025-09-15,organic
c02505,PT,2025-03-18,social
c02506,FR,2025-08-11,social
c02507,DE,2025-08-21,ads
c02508,CA,2024-12-31,social
c02509,,2025-03-30,organic
c02510,US,2025-05-19,email
c02511,SE,2025-07-28,ads
c02512,PT,2025-02-25,email
c02513,ES,2025-07-07,social
c02514,PT,2025-04-07,email
c02515,CO,2025-09-12,social
c02516,CA,2025-09-15,ads
c02517,BR,2025-08-10,organic
c02518,CL,2025-02-05,email
c02519,US,2024-10-07,ads
c02520,CL,2024-11-16,referral
c02521,PT,2024-11-22,ads
c02522,US,2025-04-05,ads
c02523,FR,2024-11-07,email
c02524,IT,2025-05-14,referral
c02525,NL,2024-11-22,organic
c02526,SE,2025-05-12,organic
c02527,AR,2025-03-03,referral
c02528,SE,2024-11-17,ads
c02529,ES,2025-09-16,referral
c02530,US,2025-02-24,social
c02531,BR,2024-12-03,email
c02532,ES,2025-09-14,ads
c02533,CA,2025-03-31,email
c02534,PE,2025-02-02,social
c02535,PE,2025-03-28,email
c02536,US,2024-11-08,organic
c02537,CO,2025-06-17,email
c02538,FR,2024-10-03,ads
c02539,AR,2024-12-03,email
c02540,US,2024-10-29,referral
c02541,US,2024-10-11,ads
c02542,MX,2025-01-05,ads
c02543,NL,2025-09-23,ads
c02544,CA,2025-04-21,ads
c02545,CL,2024-10-21,email
c02546,CA,2024-11-08,organic
c02547,MX,2025-05-11,referral
c02548,DE,2025-01-10,social
c02549,ES,2024-11-15,email
c02550,US,2024-12-05,email
c02551,BR,2024-12-30,ads
c02552,US,2025-03-13,referral
c02553,AR,2025-01-19,referral
c02554,PE,2025-09-03,ads
c02555,US,2025-01-31,social
c02556,CA,2025-04-11,referral
c02557,MX,2025-01-07,email
c02558,NL,2025-07-18,ads
c02559,PT,2025-03-08,referral
c02560,US,2025-01-11,social
c02561,FR,2025-07-08,email
c02562,MX,2024-11-12,ads
c02563,MX,2024-12-23,referral
c02564,ES,2025-04-09,ads
c02565,,2024-11-20,social
c02566,SE,2025-04-28,social
c02567,CO,2025-02-03,ads
c02568,MX,2024-12-08,ads
c02569,FR,2025-06-22,social
c02570,CA,2025-06-15,email
c02571,,2025-04-06,ads
c02572,MX,2025-05-18,social
c02573,PE,2025-04-07,email
c02574,CA,2024-10-10,referral
c02575,US,2025-01-22,ads
c02576,NL,2024-12-15,social
c02577,US,2025-03-13,email
c02578,,2024-12-24,organic
c02579,CA,2024-11-18,social
c02580,US,2025-08-22,ads
c02581,US,2025-03-26,email
c02582,US,2025-05-06,email
c02583,IT,2025-04-07,referral
c02584,CA,2025-09-11,organic
c02585,SE,2025-05-18,referral
c02586,CO,2025-06-12,ads
c02587,BR,2025-05-24,social
c02588,CO,2024-10-26,ads
c02589,AR,2024-12-11,social
c02590,ES,2025-06-18,social
c02591,CA,2025-06-11,email
c02592,MX,2025-06-28,email
c02593,IT,2025-01-31,social
c02594,NL,2025-02-21,social
c02595,IT,2025-06-14,email
c02596,BR,2025-02-21,email
c02597,FR,2025-06-16,referral
c02598,BR,2024-11-16,ads
c02599,AR,2025-09-16,ads
c02600,US,2024-10-13,ads
c02601,CL,2025-04-26,ads
c02602,US,2025-08-07,referral
c02603,,2025-05-23,organic
c02604,DE,2025-02-26,social
c02605,US,2025-08-18,ads
c02606,US,2025-03-04,referral
c02607,US,2025-03-15,referral
c02608,NL,2024-12-29,ads
c02609,AR,2025-04-04,organic
c02610,BR,2025-08-14,email
c02611,FR,2025-09-23,organic
c02612,DE,2025-03-23,email
c02613,MX,2025-05-05,social
c02614,ES,2025-06-21,ads
c02615,FR,2025-01-05,referral
c02616,PE,2025-01-25,ads
c02617,US,2025-04-17,organic
c02618,IT,2025-08-16,social
c02619,CO,2024-10-21,organic
c02620,CA,2025-04-18,social
c02621,BR,2025-09-06,organic
c02622,US,2025-06-05,ads
c02623,US,2025-07-03,referral
c02624,FR,2025-06-21,social
c02625,US,2024-11-27,social
c02626,BR,2025-07-29,social
c02627,AR,2024-10-31,ads
c02628,US,2025-06-06,ads
c02629,SE,2025-01-01,organic
c02630,CA,2025-06-22,referral
c02631,CA,2025-06-28,ads
c02632,CA,2025-01-02,social
c02633,CA,2025-03-03,organic
c02634,US,2025-07-12,ads
c02635,,2024-12-19,organic
c02636,SE,2025-07-19,organic
c02637,CA,2024-12-23,organic
c02638,PE,2025-09-30,organic
c02639,ES,2024-11-06,referral
c02640,DE,2025-09-07,email
c02641,,2025-08-23,ads
c02642,CA,2025-05-20,ads
c02643,MX,2025-01-01,email
c02644,ES,2025-09-01,email
c02645,FR,2025-01-10,ads
c02646,US,2025-03-15,email
c02647,MX,2025-03-08,ads
c02648,IT,2024-10-14,organic
c02649,FR,2025-05-13,email
c02650,PT,2024-12-12,referral
c02651,ES,2025-06-06,referral
c02652,MX,2024-12-30,ads
c02653,,2025-05-04,organic
c02654,PE,2024-12-29,referral
c02655,US,2024-10-29,email
c02656,CO,2025-08-01,ads
c02657,ES,2025-05-08,email
c02658,US,2025-08-24,ads
c02659,FR,2025-05-03,email
c02660,CO,2025-05-09,referral
c02661,SE,2024-11-11,organic
c02662,US,2025-02-12,social
c02663,CA,2024-11-11,ads
c02664,CL,2025-03-13,ads
c02665,CA,2025-09-26,email
c02666,ES,2025-07-10,ads
c02667,ES,2024-11-27,ads
c02668,US,2025-07-29,organic
c02669,AR,2025-08-18,ads
c02670,AR,2024-10-25,organic
c02671,,2024-12-12,ads
c02672,NL,2025-02-06,organic
c02673,DE,2024-12-26,social
c02674,ES,2025-08-26,social
c02675,ES,2025-03-02,ads
c02676,BR,2025-03-31,organic
c02677,NL,2025-02-02,organic
c02678,ES,2024-12-06,social
c02679,ES,2024-10-06,referral
c02680,IT,2025-02-02,social
c02681,CA,2025-08-10,ads
c02682,FR,2025-08-22,referral
c02683,US,2024-11-22,organic
c02684,MX,2024-12-05,email
c02685,MX,2025-08-10,ads
c02686,SE,2024-12-21,email
c02687,DE,2024-12-26,social
c02688,ES,2024-10-02,ads
c02689,,2025-04-22,ads
c02690,CO,2025-02-27,ads
c02691,NL,2025-07-20,social
c02692,AR,2025-01-11,ads
c02693,MX,2024-10-24,social
c02694,US,2025-04-30,email
c02695,FR,2024-12-04,social
c02696,ES,2025-04-27,organic
c02697,MX,2025-06-08,ads
c02698,US,2025-01-25,email
c02699,DE,2025-01-24,organic
c02700,US,2025-05-25,email
c02701,ES,2025-01-13,ads
c02702,SE,2025-06-16,organic
c02703,BR,2024-11-15,organic
c02704,CA,2025-08-07,referral
c02705,ES,2025-08-27,email
c02706,FR,2025-05-04,email
c02707,CO,2025-07-28,ads
c02708,SE,2025-08-29,social
c02709,US,2024-10-24,social
c02710,AR,2024-11-04,organic
c02711,ES,2024-10-24,ads
c02712,IT,2024-10-28,referral
c02713,US,2024-10-16,ads
c02714,FR,2024-11-28,email
c02715,CO,2025-05-31,social
c02716,MX,2025-04-25,ads
c02717,US,2025-06-28,social
c02718,IT,2025-06-06,social
c02719,US,2025-06-24,organic
c02720,CA,2025-04-11,social
c02721,CA,2025-08-31,organic
c02722,IT,2025-05-06,referral
c02723,PE,2025-01-23,ads
c02724,FR,2024-12-07,email
c02725,CA,2025-07-26,referral
c02726,CL,2025-08-21,social
c02727,CO,2024-12-14,social
c02728,DE,2025-01-11,email
c02729,IT,2025-07-24,email
c02730,US,2025-03-27,ads
c02731,PE,2025-05-03,social
c02732,US,2025-08-11,social
c02733,CO,2024-11-08,social
c02734,CA,2025-06-16,email
c02735,CA,2025-04-22,email
c02736,MX,2024-10-07,social
c02737,CL,2024-11-18,social
c02738,,2024-10-26,referral
c02739,ES,2025-03-10,social
c02740,,2025-09-22,email
c02741,US,2025-03-25,social
c02742,FR,2024-12-18,organic
c02743,CA,2024-10-02,social
c02744,BR,2025-02-09,referral
c02745,ES,2025-07-03,referral
c02746,MX,2025-01-25,social
c02747,US,2025-03-13,social
c02748,MX,2025-07-15,referral
c02749,NL,2024-10-28,social
c02750,PE,2025-08-29,ads
c02751,PE,2024-10-01,organic
c02752,CL,2025-04-06,social
c02753,US,2024-11-25,email
c02754,BR,2024-11-04,referral
c02755,ES,2025-01-20,ads
c02756,US,2025-07-13,ads
c02757,CA,2025-08-06,email
c02758,CA,2024-11-05,social
c02759,BR,2025-05-05,organic
c02760,PT,2024-12-19,referral
c02761,US,2025-08-10,referral
c02762,AR,2024-12-22,email
c02763,US,2024-12-04,ads
c02764,SE,2025-08-21,ads
c02765,US,2025-02-05,social
c02766,BR,2025-08-03,organic
c02767,ES,2024-10-22,referral
c02768,ES,2025-05-04,social
c02769,BR,2025-01-15,organic
c02770,MX,2025-01-17,ads
c02771,MX,2025-09-22,social
c02772,CA,2025-03-30,social
c02773,US,2025-09-21,referral
c02774,AR,2025-03-13,email
c02775,CA,2024-12-07,social
c02776,CA,2025-07-19,social
c02777,PE,2025-03-29,ads
c02778,SE,2025-03-30,referral
c02779,CL,2025-03-18,ads
c02780,US,2024-10-22,organic
c02781,US,2024-12-05,referral
c02782,SE,2024-10-21,organic
c02783,CA,2025-01-08,email
c02784,US,2025-07-27,ads
c02785,CL,2025-01-11,ads
c02786,CL,2024-11-16,email
c02787,PE,2024-11-08,ads
c02788,CA,2025-07-12,referral
c02789,US,2025-08-06,ads
c02790,SE,2024-12-29,referral
c02791,CA,2024-12-24,email
c02792,PE,2025-06-30,referral
c02793,ES,2025-09-01,social
c02794,CL,2025-04-06,social
c02795,CA,2025-03-08,organic
c02796,CA,2025-05-31,ads
c02797,CL,2024-12-12,email
c02798,IT,2024-11-18,email
c02799,NL,2025-01-09,email
c02800,US,2024-10-02,social
c02801,US,2025-06-01,referral
c02802,NL,2025-03-25,referral
c02803,ES,2025-05-26,email
c02804,,2024-11-28,organic
c02805,US,2025-09-18,organic
c02806,CO,2025-01-07,email
c02807,ES,2025-09-24,ads
c02808,ES,2024-10-02,organic
c02809,BR,2025-05-31,organic
c02810,US,2025-07-24,email
c02811,CO,2025-04-29,email
c02812,CA,2025-01-31,organic
c02813,BR,2025-05-17,social
c02814,SE,2024-12-21,email
c02815,MX,2025-02-21,referral
c02816,DE,2025-02-17,organic
c02817,US,2024-10-29,organic
c02818,PE,2025-06-27,social
c02819,SE,2025-06-04,social
c02820,US,2024-10-12,ads
c02821,US,2025-09-20,organic
c02822,BR,2025-09-02,email
c02823,US,2025-01-14,organic
c02824,ES,2024-11-01,email
c02825,NL,2024-12-13,organic
c02826,BR,2025-03-20,email
c02827,CA,2025-09-02,referral
c02828,BR,2024-12-08,ads
c02829,ES,2025-07-28,social
c02830,US,2025-09-27,organic
c02831,CO,2025-02-14,social
c02832,CL,2025-01-08,referral
c02833,CL,2025-02-23,ads
c02834,CA,2024-10-09,organic
c02835,ES,2024-12-01,social
c02836,US,2025-04-03,social
c02837,US,2024-10-29,social
c02838,IT,2025-01-22,social
c02839,ES,2025-02-20,email
c02840,US,2025-01-28,social
c02841,CA,2025-03-19,social
c02842,US,2025-03-06,organic
c02843,CA,2025-08-31,organic
c02844,CA,2025-09-14,ads
c02845,US,2025-06-17,email
c02846,BR,2024-12-21,ads
c02847,ES,2025-05-30,ads
c02848,CL,2025-03-21,social
c02849,PE,2025-05-19,organic
c02850,US,2025-04-26,ads
c02851,SE,2024-12-14,referral
c02852,DE,2025-06-27,organic
c02853,FR,2025-01-22,organic
c02854,DE,2024-12-01,referral
c02855,NL,2025-09-27,social
c02856,CO,2025-08-16,referral
c02857,US,2025-01-10,ads
c02858,CL,2025-09-27,ads
c02859,ES,2025-04-28,ads
c02860,ES,2025-06-12,email
c02861,AR,2024-10-20,organic
c02862,US,2024-11-27,social
c02863,MX,2025-01-20,email
c02864,NL,2025-08-09,referral
c02865,CO,2025-04-14,email
c02866,CO,2025-09-18,social
c02867,CA,2024-12-31,organic
c02868,MX,2024-11-21,ads
c02869,IT,2025-07-20,ads
c02870,PE,2024-10-08,social
c02871,FR,2025-07-27,referral
c02872,BR,2025-01-06,email
c02873,CL,2025-05-24,social
c02874,CA,2024-12-08,referral
c02875,ES,2024-11-14,email
c02876,BR,2025-02-14,email
c02877,BR,2025-05-22,email
c02878,PE,2024-11-01,organic
c02879,NL,2025-07-16,organic
c02880,US,2025-02-03,organic
c02881,DE,2024-12-06,social
c02882,CA,2024-10-30,referral
c02883,BR,2025-01-22,social
c02884,US,2025-04-22,organic
c02885,CA,2024-10-29,ads
c02886,AR,2025-02-08,referral
c02887,US,2025-04-03,social
c02888,AR,2025-06-10,social
c02889,NL,2025-07-13,email
c02890,US,2024-12-01,referral
c02891,FR,2024-10-03,social
c02892,BR,2024-12-07,referral
c02893,PE,2024-10-25,social
c02894,CA,2025-03-28,email
c02895,US,2025-02-18,organic
c02896,US,2025-05-19,referral
c02897,US,2025-07-27,referral
c02898,US,2025-03-12,ads
c02899,PE,2025-08-07,ads
c02900,IT,2025-02-07,social
c02901,FR,2025-06-03,email
c02902,ES,2025-07-24,referral
c02903,US,2025-03-21,ads
c02904,CA,2024-12-03,organic
c02905,CA,2024-10-31,social
c02906,CA,2024-11-16,ads
c02907,AR,2025-02-07,social
c02908,CO,2025-09-17,organic
c02909,MX,2025-08-29,social
c02910,MX,2025-01-18,email
c02911,DE,2024-12-08,social
c02912,FR,2024-11-27,ads
c02913,CA,2025-01-14,email
c02914,NL,2025-07-27,ads
c02915,SE,2025-08-26,referral
c02916,MX,2025-06-13,ads
c02917,MX,2025-08-08,organic
c02918,AR,2025-03-20,email
c02919,NL,2025-03-11,ads
c02920,IT,2025-07-13,referral
c02921,US,2024-12-10,email
c02922,MX,2025-06-12,referral
c02923,CO,2024-11-24,email
c02924,AR,2025-08-19,ads
c02925,US,2024-10-03,email
c02926,DE,2024-10-26,email
c02927,PE,2025-08-09,ads
c02928,DE,2025-02-03,social
c02929,DE,2024-11-22,social
c02930,ES,2025-04-16,social
c02931,BR,2025-07-26,referral
c02932,CL,2025-04-06,referral
c02933,US,2025-04-04,organic
c02934,PE,2025-08-01,ads
c02935,US,2025-07-25,ads
c02936,ES,2025-04-22,ads
c02937,CA,2024-10-11,ads
c02938,US,2025-09-24,ads
c02939,US,2025-09-19,social
c02940,US,2025-02-23,referral
c02941,ES,2024-12-24,organic
c02942,ES,2025-01-08,ads
c02943,AR,2025-01-12,email
c02944,US,2024-11-15,organic
c02945,US,2024-11-13,organic
c02946,US,2025-07-05,referral
c02947,US,2025-03-30,referral
c02948,IT,2025-04-05,organic
c02949,CA,2025-01-22,referral
c02950,MX,2025-06-12,ads
c02951,US,2024-10-30,organic
c02952,CA,2025-06-21,referral
c02953,AR,2025-01-06,ads
c02954,CL,2025-08-09,referral
c02955,CA,2025-08-25,email
c02956,US,2025-01-23,organic
c02957,MX,2025-07-03,ads
c02958,CA,2025-07-08,organic
c02959,US,2025-07-02,referral
c02960,SE,2025-06-18,email
c02961,CL,2025-08-27,ads
c02962,CO,2025-04-25,social
c02963,BR,2025-08-24,organic
c02964,BR,2025-04-29,email
c02965,CO,2025-05-03,ads
c02966,ES,2024-11-09,referral
c02967,ES,2024-10-26,social
c02968,US,2024-10-27,ads
c02969,AR,2025-04-08,social
c02970,BR,2024-12-22,referral
c02971,IT,2025-03-19,email
c02972,CL,2025-03-16,referral
c02973,CO,2025-04-06,ads
c02974,US,2025-03-18,social
c02975,CL,2025-07-16,social
c02976,US,2025-05-17,referral
c02977,MX,2025-01-05,email
c02978,,2024-10-16,email
c02979,ES,2025-07-06,organic
c02980,US,2025-02-12,referral
c02981,MX,2024-10-26,referral
c02982,IT,2025-09-17,referral
c02983,US,2024-10-12,email
c02984,AR,2024-12-11,email
c02985,BR,2025-02-10,ads
c02986,US,2025-01-14,ads
c02987,FR,2025-05-08,social
c02988,US,2025-03-26,ads
c02989,BR,2025-07-09,ads
c02990,CO,2025-02-10,social
c02991,CL,2024-10-22,ads
c02992,ES,2025-06-26,social
c02993,CA,2025-03-10,email
c02994,US,2025-01-15,ads
c02995,,2025-07-06,email
c02996,,2025-09-18,ads
c02997,DE,2025-05-23,organic
c02998,DE,2024-10-18,referral
c02999,DE,2025-05-30,ads
c03000,AR,2025-01-25,ads
c03001,MX,2025-07-13,email
c03002,FR,2025-07-09,ads
c03003,BR,2025-02-21,email
c03004,,2025-04-23,referral
c03005,DE,2024-11-08,organic
c03006,IT,2025-03-03,email
c03007,BR,2025-03-25,social
c03008,US,2025-05-29,organic
c03009,MX,2025-02-11,ads
c03010,FR,2024-11-15,organic
c03011,IT,2024-11-19,social
c03012,US,2025-03-15,email
c03013,US,2025-01-14,organic
c03014,IT,2025-05-04,email
c03015,MX,2025-02-23,email
c03016,CO,2024-12-11,social
c03017,SE,2025-08-26,email
c03018,US,2025-06-30,email
c03019,PE,2025-06-04,ads
c03020,US,2025-04-04,social
c03021,MX,2024-12-09,social
c03022,FR,2025-02-27,referral
c03023,BR,2025-06-03,organic
c03024,PT,2025-06-19,email
c03025,CO,2024-10-26,ads
c03026,MX,2025-02-17,social
c03027,CA,2025-01-07,social
c03028,MX,2025-07-05,ads
c03029,MX,2024-11-20,ads
c03030,US,2025-02-28,organic
c03031,MX,2025-01-12,organic
c03032,BR,2024-12-28,social
c03033,ES,2025-02-18,email
c03034,PE,2025-05-01,organic
c03035,ES,2025-05-21,organic
c03036,US,2025-04-01,referral
c03037,US,2025-06-08,organic
c03038,,2024-10-09,organic
c03039,,2024-12-18,organic
c03040,US,2024-11-21,organic
c03041,FR,2025-06-26,social
c03042,FR,2025-05-14,social
c03043,CO,2024-11-20,referral
c03044,US,2025-04-04,social
c03045,FR,2024-11-03,social
c03046,CO,2025-07-18,organic
c03047,FR,2025-05-18,referral
c03048,ES,2025-02-08,referral
c03049,FR,2025-01-28,email
c03050,AR,2025-08-22,social
c03051,US,2025-06-04,social
c03052,PE,2025-04-10,ads
c03053,CL,2025-08-19,referral
c03054,ES,2025-04-28,ads
c03055,US,2025-01-11,ads
c03056,US,2025-08-25,social
c03057,IT,2025-02-10,email
c03058,ES,2025-08-19,email
c03059,IT,2025-02-16,ads
c03060,ES,2025-01-29,ads
c03061,CL,2025-01-02,social
c03062,PE,2025-02-06,referral
c03063,IT,2024-12-30,organic
c03064,CO,2024-12-31,email
c03065,CL,2024-12-02,email
c03066,US,2024-10-29,email
c03067,BR,2025-04-28,social
c03068,ES,2024-10-12,referral
c03069,CA,2025-08-29,organic
c03070,US,2025-07-24,social
c03071,CA,2025-02-07,referral
c03072,CA,2025-07-20,social
c03073,US,2025-03-22,organic
c03074,BR,2025-04-26,email
c03075,IT,2024-10-24,ads
c03076,AR,2025-01-07,social
c03077,US,2025-09-21,referral
c03078,US,2025-02-16,organic
c03079,ES,2025-08-10,referral
c03080,MX,2025-03-23,ads
c03081,DE,2024-10-29,organic
c03082,PE,2025-02-20,organic
c03083,FR,2025-08-12,ads
c03084,CA,2025-09-16,organic
c03085,ES,2024-11-11,email
c03086,CA,2025-07-26,email
c03087,NL,2025-04-26,organic
c03088,CL,2025-08-26,referral
c03089,MX,2025-04-10,ads
c03090,CA,2025-03-09,email
c03091,US,2024-12-03,social
c03092,ES,2025-05-31,ads
c03093,US,2025-06-15,referral
c03094,CL,2025-03-01,social
c03095,CA,2025-05-03,email
c03096,PE,2025-08-18,social
c03097,FR,2025-03-15,organic
c03098,FR,2024-10-31,referral
c03099,FR,2025-05-20,email
c03100,US,2025-07-09,email
c03101,US,2024-10-29,social
c03102,ES,2025-04-13,organic
c03103,MX,2025-08-30,email
c03104,BR,2025-06-13,email
c03105,US,2025-07-08,email
c03106,CA,2025-07-31,referral
c03107,US,2025-08-17,ads
c03108,IT,2025-08-19,organic
c03109,CA,2025-09-11,email
c03110,CO,2025-07-21,social
c03111,US,2024-12-26,referral
c03112,PE,2025-02-26,referral
c03113,MX,2025-06-06,ads
c03114,IT,2025-08-17,social
c03115,IT,2025-07-10,ads
c03116,MX,2025-09-27,ads
c03117,IT,2025-04-16,referral
c03118,PT,2024-11-13,social
c03119,DE,2025-09-21,ads
c03120,DE,2024-10-28,ads
c03121,CA,2024-10-17,organic
c03122,CO,2025-02-04,organic
c03123,US,2025-03-17,ads
c03124,US,2025-06-01,social
c03125,PT,2024-12-15,email
c03126,MX,2025-05-19,social
c03127,ES,2025-04-22,organic
c03128,FR,2025-06-05,ads
c03129,DE,2025-07-29,social
c03130,PT,2025-05-02,referral
c03131,CA,2025-05-03,referral
c03132,US,2025-03-07,social
c03133,BR,2024-12-08,organic
c03134,US,2024-12-24,ads
c03135,US,2025-06-24,ads
c03136,MX,2024-12-08,ads
c03137,FR,2025-01-07,organic
c03138,CO,2025-09-12,social
c03139,CA,2025-05-04,social
c03140,PE,2025-03-10,ads
c03141,CA,2025-01-02,organic
c03142,US,2025-03-23,organic
c03143,FR,2025-03-14,social
c03144,CL,2025-01-23,email
c03145,FR,2025-05-08,ads
c03146,US,2024-10-31,referral
c03147,DE,2024-10-11,social
c03148,CL,2025-09-08,ads
c03149,CO,2025-02-07,social
c03150,CL,2025-01-13,email
c03151,IT,2024-10-27,social
c03152,CO,2025-05-15,referral
c03153,CO,2024-10-02,ads
c03154,PT,2025-09-24,referral
c03155,ES,2025-01-09,email
c03156,BR,2024-10-21,ads
c03157,ES,2024-11-27,organic
c03158,MX,2025-03-29,ads
c03159,CA,2025-09-06,email
c03160,CL,2025-09-14,ads
c03161,NL,2024-10-20,ads
c03162,NL,2025-06-12,email
c03163,MX,2025-08-13,ads
c03164,AR,2024-11-07,referral
c03165,US,2025-02-25,ads
c03166,PT,2024-10-25,social
c03167,PT,2025-01-29,ads
c03168,PE,2024-10-26,ads
c03169,FR,2025-03-18,email
c03170,ES,2025-08-19,organic
c03171,CL,2025-05-13,social
c03172,US,2024-10-01,social
c03173,BR,2025-08-03,ads
c03174,PE,2025-06-18,organic
c03175,PE,2024-10-13,ads
c03176,MX,2024-11-17,ads
c03177,NL,2025-08-09,social
c03178,US,2025-07-18,email
c03179,AR,2025-08-28,organic
c03180,ES,2025-01-02,ads
c03181,ES,2025-06-18,organic
c03182,,2025-07-05,social
c03183,CA,2025-09-24,referral
c03184,US,2025-04-23,ads
c03185,CL,2025-04-03,email
c03186,CL,2025-03-24,organic
c03187,US,2025-08-05,email
c03188,ES,2024-12-08,social
c03189,BR,2025-01-12,organic
c03190,PE,2025-06-03,email
c03191,DE,2025-03-10,referral
c03192,US,2025-04-18,social
c03193,US,2025-05-04,ads
c03194,FR,2025-04-30,ads
c03195,CL,2024-10-16,referral
c03196,ES,2025-08-28,email
c03197,DE,2025-04-23,social
c03198,FR,2025-09-30,ads
c03199,SE,2024-11-08,organic
c03200,CO,2024-12-28,ads
c03201,AR,2025-06-13,social
c03202,BR,2025-06-11,referral
c03203,US,2025-05-04,ads
c03204,CO,2025-07-30,ads
c03205,CA,2025-03-21,social
c03206,NL,2025-02-14,organic
c03207,CO,2025-03-27,email
c03208,CL,2024-12-16,email
c03209,MX,2025-04-06,email
c03210,US,2024-10-15,ads
c03211,US,2025-07-19,social
c03212,BR,2025-08-15,organic
c03213,US,2025-08-21,email
c03214,CL,2025-05-02,organic
c03215,IT,2025-04-26,ads
c03216,IT,2025-03-18,social
c03217,PE,2025-08-26,email
c03218,US,2025-07-07,email
c03219,IT,2025-08-01,referral
c03220,IT,2025-02-23,email
c03221,US,2025-06-20,social
c03222,ES,2024-10-04,social
c03223,CA,2024-12-29,email
c03224,FR,2024-11-29,organic
c03225,PT,2025-08-07,email
c03226,US,2024-10-16,social
c03227,IT,2025-05-15,ads
c03228,CL,2024-10-29,ads
c03229,SE,2025-02-28,email
c03230,BR,2025-06-02,referral
c03231,DE,2025-06-27,social
c03232,US,2024-12-18,email
c03233,MX,2025-07-16,ads
c03234,US,2025-03-02,email
c03235,SE,2025-07-04,social
c03236,FR,2025-07-06,social
c03237,DE,2024-11-26,ads
c03238,NL,2025-04-04,ads
c03239,US,2025-01-01,social
c03240,MX,2025-07-03,ads
c03241,US,2025-03-07,ads
c03242,US,2025-07-02,ads
c03243,CA,2025-03-30,email
c03244,BR,2025-09-24,referral
c03245,CA,2024-12-16,social
c03246,US,2025-02-28,email
c03247,US,2025-05-26,social
c03248,US,2025-07-16,ads
c03249,SE,2025-05-19,organic
c03250,ES,2024-10-18,referral
c03251,SE,2024-12-12,referral
c03252,BR,2025-04-07,ads
c03253,CA,2024-10-17,ads
c03254,FR,2024-10-19,referral
c03255,MX,2025-05-07,social
c03256,CA,2025-08-22,ads
c03257,CA,2025-01-28,organic
c03258,US,2025-01-09,organic
c03259,CA,2024-11-03,referral
c03260,MX,2024-12-23,organic
c03261,PE,2025-04-14,ads
c03262,US,2025-08-26,ads
c03263,US,2025-04-20,ads
c03264,FR,2025-09-09,referral
c03265,US,2025-09-06,ads
c03266,MX,2024-10-11,organic
c03267,IT,2025-09-12,ads
c03268,US,2025-05-06,email
c03269,US,2025-06-10,organic
c03270,AR,2025-05-10,ads
c03271,CA,2024-12-19,ads
c03272,CO,2024-10-07,social
c03273,FR,2025-06-29,email
c03274,US,2025-05-15,ads
c03275,CO,2024-10-16,email
c03276,AR,2024-10-12,referral
c03277,US,2025-07-18,organic
c03278,CL,2025-05-29,organic
c03279,CA,2024-10-21,email
c03280,AR,2025-03-27,email
c03281,US,2025-05-16,referral
c03282,BR,2025-06-30,organic
c03283,CA,2025-07-15,ads
c03284,DE,2025-07-24,email
c03285,US,2025-02-11,social
c03286,BR,2025-07-10,organic
c03287,BR,2025-03-02,ads
c03288,ES,2024-12-05,ads
c03289,CO,2025-02-14,ads
c03290,PE,2024-12-31,ads
c03291,FR,2025-08-13,social
c03292,IT,2025-06-16,social
c03293,CA,2025-01-11,social
c03294,CO,2024-11-24,ads
c03295,DE,2025-06-14,ads
c03296,PT,2025-01-09,ads
c03297,IT,2025-04-16,email
c03298,MX,2025-07-28,social
c03299,US,2025-05-14,ads
c03300,AR,2025-05-25,ads
c03301,ES,2024-10-26,email
c03302,AR,2025-01-29,email
c03303,AR,2025-03-31,referral
c03304,DE,2025-04-17,organic
c03305,MX,2025-07-29,ads
c03306,DE,2025-06-12,social
c03307,BR,2025-01-30,email
c03308,MX,2024-10-31,email
c03309,BR,2025-08-11,organic
c03310,FR,2025-07-12,ads
c03311,US,2025-01-14,social
c03312,US,2025-05-12,email
c03313,SE,2025-06-30,referral
c03314,US,2025-05-20,social
c03315,CO,2025-06-13,organic
c03316,CO,2024-10-24,organic
c03317,AR,2025-01-17,referral
c03318,PE,2025-04-09,ads
c03319,CA,2025-09-12,social
c03320,CO,2024-10-25,social
c03321,MX,2025-04-05,ads
c03322,PE,2025-07-15,email
c03323,US,2025-01-24,organic
c03324,CO,2025-09-03,referral
c03325,US,2024-11-06,email
c03326,CA,2025-07-09,organic
c03327,US,2025-02-14,ads
c03328,US,2025-05-15,ads
c03329,DE,2025-08-16,social
c03330,CA,2025-08-24,email
c03331,NL,2025-03-31,social
c03332,SE,2025-09-27,ads
c03333,CO,2024-12-25,email
c03334,US,2024-11-22,ads
c03335,MX,2025-09-13,organic
c03336,FR,2025-09-20,email
c03337,MX,2025-05-23,email
c03338,US,2025-06-24,ads
c03339,CO,2025-07-14,ads
c03340,DE,2025-01-08,email
c03341,FR,2024-12-26,ads
c03342,US,2024-10-15,referral
c03343,PE,2025-01-09,referral
c03344,CA,2025-03-14,social
c03345,US,2024-10-29,social
c03346,IT,2025-01-22,email
c03347,CA,2025-01-15,ads
c03348,CA,2025-09-29,social
c03349,US,2025-02-07,social
c03350,IT,2024-12-23,ads
c03351,FR,2025-06-28,organic
c03352,CL,2025-06-01,ads
c03353,ES,2025-05-02,ads
c03354,US,2025-08-02,ads
c03355,BR,2025-03-15,organic
c03356,MX,2025-07-06,referral
c03357,US,2024-11-28,social
c03358,AR,2024-12-29,ads
c03359,NL,2025-08-27,referral
c03360,US,2025-04-12,email
c03361,CA,2025-01-31,organic
c03362,,2025-02-13,ads
c03363,CA,2025-02-16,ads
c03364,IT,2025-05-17,ads
c03365,BR,2025-07-01,organic
c03366,BR,2024-11-19,referral
c03367,FR,2025-01-26,email
c03368,US,2025-04-20,email
c03369,AR,2025-04-09,organic
c03370,BR,2025-09-29,organic
c03371,CL,2025-08-19,social
c03372,PT,2025-03-30,email
c03373,FR,2024-12-17,ads
c03374,MX,2024-12-14,organic
c03375,DE,2025-07-22,email
c03376,US,2025-07-08,email
c03377,US,2024-10-21,referral
c03378,US,2025-03-20,organic
c03379,MX,2024-10-15,email
c03380,AR,2025-04-29,referral
c03381,CL,2024-11-17,organic
c03382,NL,2024-12-25,email
c03383,AR,2025-02-26,ads
c03384,AR,2025-04-06,organic
c03385,US,2025-08-02,organic
c03386,US,2025-02-28,organic
c03387,CO,2025-02-18,social
c03388,,2024-12-08,email
c03389,DE,2025-06-17,organic
c03390,US,2025-08-30,email
c03391,US,2024-10-09,organic
c03392,BR,2025-01-29,organic
c03393,CA,2025-01-09,social
c03394,US,2025-02-26,organic
c03395,ES,2025-02-23,social
c03396,US,2025-09-18,ads
c03397,CL,2025-05-31,social
c03398,CA,2025-05-29,ads
c03399,US,2025-09-02,referral
c03400,MX,2024-11-12,ads
c03401,FR,2025-01-03,email
c03402,MX,2025-05-14,organic
c03403,ES,2024-10-06,organic
c03404,US,2025-05-02,email
c03405,FR,2025-04-24,referral
c03406,CA,2024-12-06,referral
c03407,PE,2025-01-08,organic
c03408,CO,2024-10-12,referral
c03409,NL,2025-05-25,social
c03410,MX,2025-08-18,organic
c03411,US,2025-06-15,email
c03412,US,2025-09-02,organic
c03413,DE,2025-02-12,organic
c03414,AR,2025-05-10,organic
c03415,FR,2025-03-05,email
c03416,CA,2025-02-19,email
c03417,MX,2025-03-07,organic
c03418,US,2025-08-22,email
c03419,SE,2025-09-09,social
c03420,PE,2025-06-19,ads
c03421,NL,2025-07-10,ads
c03422,CA,2025-09-03,email
c03423,CL,2025-09-09,referral
c03424,PE,2025-05-17,email
c03425,CA,2025-07-07,referral
c03426,DE,2025-09-23,referral
c03427,NL,2025-07-17,social
c03428,IT,2025-03-17,social
c03429,ES,2024-11-16,email
c03430,CA,2025-04-21,email
c03431,CA,2025-05-02,ads
c03432,SE,2025-06-03,referral
c03433,US,2024-10-24,referral
c03434,ES,2025-08-17,referral
c03435,ES,2025-07-01,email
c03436,CL,2024-11-13,social
c03437,PT,2025-08-28,ads
c03438,CA,2025-08-09,organic
c03439,MX,2025-09-28,ads
c03440,US,2025-03-05,organic
c03441,BR,2025-04-17,referral
c03442,CA,2025-03-11,email
c03443,MX,2025-05-22,email
c03444,DE,2025-03-12,ads
c03445,NL,2025-01-24,email
c03446,US,2025-01-01,ads
c03447,MX,2024-11-11,social
c03448,NL,2025-07-11,email
c03449,US,2025-04-28,social
c03450,US,2025-04-24,ads
c03451,US,2025-05-08,organic
c03452,CL,2025-07-07,referral
c03453,US,2025-02-13,ads
c03454,SE,2025-01-14,email
c03455,BR,2025-01-26,ads
c03456,AR,2025-05-25,ads
c03457,CA,2025-08-05,referral
c03458,BR,2025-01-08,social
c03459,PE,2025-06-18,organic
c03460,ES,2025-08-01,referral
c03461,ES,2025-09-19,organic
c03462,CO,2025-07-13,organic
c03463,IT,2025-08-24,organic
c03464,FR,2025-01-11,referral
c03465,ES,2024-12-02,ads
c03466,US,2025-03-24,ads
c03467,US,2025-07-09,social
c03468,US,2025-07-20,email
c03469,PE,2025-05-14,ads
c03470,BR,2024-10-07,referral
c03471,BR,2025-02-04,ads
c03472,IT,2024-12-31,social
c03473,IT,2025-04-08,ads
c03474,IT,2025-09-24,social
c03475,CA,2024-11-22,social
c03476,ES,2025-05-30,ads
c03477,CA,2025-02-09,referral
c03478,US,2025-09-29,social
c03479,,2025-01-20,email
c03480,MX,2024-10-07,ads
c03481,BR,2025-05-18,email
c03482,DE,2025-03-05,referral
c03483,US,2025-04-15,referral
c03484,ES,2025-08-19,ads
c03485,CO,2025-09-29,referral
c03486,CA,2025-05-11,email
c03487,AR,2025-06-07,organic
c03488,CA,2024-12-22,email
c03489,CL,2025-05-28,organic
c03490,BR,2025-09-25,email
c03491,US,2025-08-19,social
c03492,US,2025-06-20,referral
c03493,CO,2025-04-07,social
c03494,IT,2025-07-17,email
c03495,MX,2025-09-27,social
c03496,ES,2024-11-27,email
c03497,,2024-10-09,referral
c03498,NL,2025-07-31,referral
c03499,DE,2025-01-23,organic
c03500,CO,2025-04-28,social
